1A,Sov Mil Order of Malta,246,EU,15,28,41.90,-12.43,-1.0,1A;
1S,Spratly Islands,247,AS,26,50,9.88,-114.23,-8.0,9M0 BM9S BN9S BO9S BP9S BQ9S BU9S BV9S BW9S BX9S =DX0NE;
3A,Monaco,260,EU,14,27,43.73,-7.40,-1.0,3A;
3B6,Agalega & St. Brandon,4,AF,39,53,-10.45,-56.67,-4.0,3B6 3B7;
3B8,Mauritius,165,AF,39,53,-20.35,-57.50,-4.0,3B8;
3B9,Rodriguez Island,207,AF,39,53,-19.70,-63.42,-4.0,3B9;
3C,Equatorial Guinea,49,AF,36,47,1.70,-10.33,-1.0,3C;
3C0,Annobon Island,195,AF,36,52,-1.43,-5.62,-1.0,3C0;
3D2,Fiji,176,OC,32,56,-17.78,-177.92,-12.0,3D2;
3D2/c,Conway Reef,489,OC,32,56,-22.00,-175.00,-12.0,=3D2CR;
3D2/r,Rotuma Island,460,OC,32,56,-12.48,-177.08,-12.0,=3D2RI;
3DA,Kingdom of Eswatini,468,AF,38,57,-26.65,-31.48,-2.0,3DA;
3V,Tunisia,474,AF,33,37,35.40,-9.32,-1.0,3V TS;
3W,Vietnam,293,AS,26,49,15.80,-107.90,-7.0,3W XV;
3X,Guinea,107,AF,35,46,11.00,10.68,0.0,3X;
3Y/b,Bouvet,24,AF,38,67,-54.42,-3.38,-1.0,=3Y0J =3Y7GIA =3Y7THA;
3Y/p,Peter 1 Island,199,SA,12,72,-68.77,90.58,4.0,=3Y0X;
4J,Azerbaijan,18,AS,21,29,40.45,-47.37,-4.0,4J 4K;
4L,Georgia,75,AS,21,29,42.00,-45.00,-4.0,4L;
4O,Montenegro,514,EU,15,28,42.50,-19.28,-1.0,4O;
4S,Sri Lanka,315,AS,22,41,7.60,-80.70,-5.5,4P 4Q 4R 4S;
4U1I,ITU HQ,117,EU,14,28,46.17,-6.05,-1.0,=4U1ITU =4U1WRC =4U2WRC;
4U1U,United Nations HQ,289,NA,5,8,40.75,73.97,5.0,=4U1UN;
*4U1V,Vienna Intl Ctr,206,EU,15,28,48.20,-16.30,-1.0,=4U0R =4U1A =4U1VIC =4U2U =4UNR =4Y1A =C7A;
4W,Timor - Leste,511,OC,28,54,-8.80,-126.05,-9.0,4W;
4X,Israel,336,AS,20,39,31.32,-34.82,-2.0,4X 4Z;
5A,Libya,436,AF,34,38,27.20,-16.60,-2.0,5A;
5B,Cyprus,215,AS,20,39,35.00,-33.00,-2.0,5B C4 H2 P3;
5H,Tanzania,470,AF,37,53,-5.75,-33.92,-3.0,5H 5I;
5N,Nigeria,450,AF,35,46,9.87,-7.55,-1.0,5N 5O;
5R,Madagascar,438,AF,39,53,-19.00,-46.58,-3.0,5R 5S 6X;
5T,Mauritania,444,AF,35,46,20.60,10.50,0.0,5T;
5U,Niger,187,AF,35,46,17.63,-9.43,-1.0,5U;
5V,Togo,483,AF,35,46,8.40,-1.28,0.0,5V;
5W,Samoa,190,OC,32,62,-13.93,171.70,-13.0,5W;
5X,Uganda,286,AF,37,48,1.92,-32.60,-3.0,5X;
5Z,Kenya,430,AF,37,48,0.32,-38.15,-3.0,5Y 5Z;
6W,Senegal,456,AF,35,46,15.20,14.63,0.0,6V 6W;
6Y,Jamaica,82,NA,8,11,18.20,77.47,5.0,6Y;
7O,Yemen,492,AS,21,39,15.65,-48.12,-3.0,7O;
7P,Lesotho,432,AF,38,57,-29.22,-27.88,-2.0,7P;
7Q,Malawi,440,AF,37,53,-14.00,-34.00,-2.0,7Q;
7X,Algeria,400,AF,33,37,28.00,-2.00,-1.0,7R 7T 7U 7V 7W 7X 7Y;
8P,Barbados,62,NA,8,11,13.18,59.53,4.0,8P;
8Q,Maldives,159,AS,22,41,4.15,-73.45,-5.0,8Q;
8R,Guyana,129,SA,9,12,6.02,59.45,4.0,8R;
9A,Croatia,497,EU,15,28,45.18,-15.30,-1.0,9A;
9G,Ghana,424,AF,35,46,7.70,1.57,0.0,9G;
9H,Malta,257,EU,15,28,35.88,-14.42,-1.0,9H;
9J,Zambia,482,AF,36,53,-14.22,-26.73,-2.0,9I 9J;
9K,Kuwait,348,AS,21,39,29.38,-47.38,-3.0,9K NLD;
9L,Sierra Leone,458,AF,35,46,8.50,13.25,0.0,9L;
9M2,West Malaysia,299,AS,28,54,3.95,-102.23,-8.0,9M 9W;
9M6,East Malaysia,46,OC,28,54,2.68,-113.32,-8.0,9M6 9M8 9W6 9W8 =9M4CKR =9M4CBP =9M4CKT =9M4CRB =9M4CRP;
9N,Nepal,369,AS,22,42,27.70,-85.33,-5.75,9N;
9Q,Dem. Rep. of the Congo,414,AF,36,52,-3.12,-23.03,-1.0,9O 9P 9Q 9R 9S 9T;
9U,Burundi,404,AF,36,52,-3.17,-29.78,-2.0,9U;
9V,Singapore,381,AS,28,54,1.37,-103.78,-8.0,9V S6;
9X,Rwanda,454,AF,36,52,-1.75,-29.82,-2.0,9X;
9Y,Trinidad & Tobago,90,SA,9,11,10.38,61.28,4.0,9Y 9Z;
A2,Botswana,402,AF,38,57,-22.00,-24.00,-2.0,8O A2;
A3,Tonga,160,OC,32,62,-21.22,175.13,-13.0,A3;
A4,Oman,370,AS,21,39,23.60,-58.55,-4.0,A4;
A5,Bhutan,306,AS,22,41,27.40,-90.18,-6.0,A5;
A6,United Arab Emirates,391,AS,21,39,24.00,-54.00,-4.0,A6;
A7,Qatar,376,AS,21,39,25.25,-51.13,-3.0,A7;
A9,Bahrain,304,AS,21,39,26.03,-50.53,-3.0,A9;
AP,Pakistan,372,AS,21,41,30.00,-70.00,-5.0,6P 6Q 6R 6S AP AQ AR AS;
BS7,Scarborough Reef,506,AS,27,50,15.08,-117.72,-8.0,=BS7H;
BV,Taiwan,386,AS,24,44,23.72,-120.88,-8.0,BM BN BO BP BQ BU BV BW BX;
BV9P,Pratas Island,505,AS,24,44,20.70,-116.70,-8.0,BM9P BN9P BO9P BP9P BQ9P BU9P BV9P BW9P BX9P;
BY,China,318,AS,24,44,36.00,-102.00,-8.0,3H 3H0(23)[42] 3H9(23)[43] 3I 3I0(23)[42] 3I9(23)[43] 3J 3J0(23)[42] 3J9(23)[43] 3K 3K0(23)[42] 3K9(23)[43] 3L 3L0(23)[42] 3L9(23)[43] 3M 3M0(23)[42] 3M9(23)[43] 3N 3N0(23)[42] 3N9(23)[43] 3O 3O0(23)[42] 3O9(23)[43] 3P 3P0(23)[42] 3P9(23)[43] 3Q 3Q0(23)[42] 3Q9(23)[43] 3R 3R0(23)[42] 3R9(23)[43] 3S 3S0(23)[42] 3S9(23)[43] 3T 3T0(23)[42] 3T9(23)[43] 3U 3U0(23)[42] 3U9(23)[43] B0(23)[42] B2 B3 B4 B5 B6 B7 B8 B9(23)[43] BA BA0(23)[42] BA9(23)[43] BD BD0(23)[42] BD9(23)[43] BG BG0(23)[42] BG9(23)[43] BH BH0(23)[42] BH9(23)[43] BI BI0(23)[42] BI9(23)[43] BJ BJ0(23)[42] BJ9(23)[43] BL BL0(23)[42] BL9(23)[43] BT BT0(23)[42] BT9(23)[43] BY BY0(23)[42] BY9(23)[43] BZ BZ0(23)[42] BZ9(23)[43] XS XS0(23)[42] XS9(23)[43] B1 B2A[33] B2B[33] B2C[33] B2D[33] B2E[33] B2F[33] B2G[33] B2H[33] B2I[33] B2J[33] B2K[33] B2L[33] B2M[33] B2N[33] B2O[33] B2P[33] B3G(23)[33] B3H(23)[33] B3I(23)[33] B3J(23)[33] B3K(23)[33] B3L(23)[33] B6Q[43] B6R[43] B6S[43] B6T[43] B6U[43] B6V[43] B6W[43] B6X[43] B7A[43] B7B[43] B7C[43] B7D[43] B7E[43] B7F[43] B7G[43] B7H[43] B7Q[43] B7R[43] B7S[43] B7T[43] B7U[43] B7V[43] B7W[43] B7X[43] B8A[43] B8B[43] B8C[43] B8D[43] B8E[43] B8F[43] B8G[43] B8H[43] B8I[43] B8J[43] B8K[43] B8L[43] B8M[43] B8N[43] B8O[43] B8P[43] B8Q[43] B8R[43] B8S[43] B8T[43] B8U[43] B8V[43] B8W[43] B8X[43] B9A(24)[43] B9B(24)[43] B9C(24)[43] B9D(24)[43] B9E(24)[43] B9F(24)[43] B9S(23)[42] B9T(23)[42] B9U(23)[42] B9V(23)[42] B9W(23)[42] B9X(23)[42] BA2A[33] BA2B[33] BA2C[33] BA2D[33] BA2E[33] BA2F[33] BA2G[33] BA2H[33] BA2I[33] BA2J[33] BA2K[33] BA2L[33] BA2M[33] BA2N[33] BA2O[33] BA2P[33] BA3G(23)[33] BA3H(23)[33] BA3I(23)[33] BA3J(23)[33] BA3K(23)[33] BA3L(23)[33] BA6Q[43] BA6R[43] BA6S[43] BA6T[43] BA6U[43] BA6V[43] BA6W[43] BA6X[43] BA7A[43] BA7B[43] BA7C[43] BA7D[43] BA7E[43] BA7F[43] BA7G[43] BA7H[43] BA7Q[43] BA7R[43] BA7S[43] BA7T[43] BA7U[43] BA7V[43] BA7W[43] BA7X[43] BA8A[43] BA8B[43] BA8C[43] BA8D[43] BA8E[43] BA8F[43] BA8G[43] BA8H[43] BA8I[43] BA8J[43] BA8K[43] BA8L[43] BA8M[43] BA8N[43] BA8O[43] BA8P[43] BA8Q[43] BA8R[43] BA8S[43] BA8T[43] BA8U[43] BA8V[43] BA8W[43] BA8X[43] BA9A(24)[43] BA9B(24)[43] BA9C(24)[43] BA9D(24)[43] BA9E(24)[43] BA9F(24)[43] BA9S(23)[42] BA9T(23)[42] BA9U(23)[42] BA9V(23)[42] BA9W(23)[42] BA9X(23)[42] BD2A[33] BD2B[33] BD2C[33] BD2D[33] BD2E[33] BD2F[33] BD2G[33] BD2H[33] BD2I[33] BD2J[33] BD2K[33] BD2L[33] BD2M[33] BD2N[33] BD2O[33] BD2P[33] BD3G(23)[33] BD3H(23)[33] BD3I(23)[33] BD3J(23)[33] BD3K(23)[33] BD3L(23)[33] BD6Q[43] BD6R[43] BD6S[43] BD6T[43] BD6U[43] BD6V[43] BD6W[43] BD6X[43] BD7A[43] BD7B[43] BD7C[43] BD7D[43] BD7E[43] BD7F[43] BD7G[43] BD7H[43] BD7Q[43] BD7R[43] BD7S[43] BD7T[43] BD7U[43] BD7V[43] BD7W[43] BD7X[43] BD8A[43] BD8B[43] BD8C[43] BD8D[43] BD8E[43] BD8F[43] BD8G[43] BD8H[43] BD8I[43] BD8J[43] BD8K[43] BD8L[43] BD8M[43] BD8N[43] BD8O[43] BD8P[43] BD8Q[43] BD8R[43] BD8S[43] BD8T[43] BD8U[43] BD8V[43] BD8W[43] BD8X[43] BD9A(24)[43] BD9B(24)[43] BD9C(24)[43] BD9D(24)[43] BD9E(24)[43] BD9F(24)[43] BD9S(23)[42] BD9T(23)[42] BD9U(23)[42] BD9V(23)[42] BD9W(23)[42] BD9X(23)[42] BG2A[33] BG2B[33] BG2C[33] BG2D[33] BG2E[33] BG2F[33] BG2G[33] BG2H[33] BG2I[33] BG2J[33] BG2K[33] BG2L[33] BG2M[33] BG2N[33] BG2O[33] BG2P[33] BG3G(23)[33] BG3H(23)[33] BG3I(23)[33] BG3J(23)[33] BG3K(23)[33] BG3L(23)[33] BG6Q[43] BG6R[43] BG6S[43] BG6T[43] BG6U[43] BG6V[43] BG6W[43] BG6X[43] BG7A[43] BG7B[43] BG7C[43] BG7D[43] BG7E[43] BG7F[43] BG7G[43] BG7H[43] BG7Q[43] BG7R[43] BG7S[43] BG7T[43] BG7U[43] BG7V[43] BG7W[43] BG7X[43] BG8A[43] BG8B[43] BG8C[43] BG8D[43] BG8E[43] BG8F[43] BG8G[43] BG8H[43] BG8I[43] BG8J[43] BG8K[43] BG8L[43] BG8M[43] BG8N[43] BG8O[43] BG8P[43] BG8Q[43] BG8R[43] BG8S[43] BG8T[43] BG8U[43] BG8V[43] BG8W[43] BG8X[43] BG9A(24)[43] BG9B(24)[43] BG9C(24)[43] BG9D(24)[43] BG9E(24)[43] BG9F(24)[43] BG9S(23)[42] BG9T(23)[42] BG9U(23)[42] BG9V(23)[42] BG9W(23)[42] BG9X(23)[42] BH2A[33] BH2B[33] BH2C[33] BH2D[33] BH2E[33] BH2F[33] BH2G[33] BH2H[33] BH2I[33] BH2J[33] BH2K[33] BH2L[33] BH2M[33] BH2N[33] BH2O[33] BH2P[33] BH3G(23)[33] BH3H(23)[33] BH3I(23)[33] BH3J(23)[33] BH3K(23)[33] BH3L(23)[33] BH6Q[43] BH6R[43] BH6S[43] BH6T[43] BH6U[43] BH6V[43] BH6W[43] BH6X[43] BH7A[43] BH7B[43] BH7C[43] BH7D[43] BH7E[43] BH7F[43] BH7G[43] BH7H[43] BH7Q[43] BH7R[43] BH7S[43] BH7T[43] BH7U[43] BH7V[43] BH7W[43] BH7X[43] BH8A[43] BH8B[43] BH8C[43] BH8D[43] BH8E[43] BH8F[43] BH8G[43] BH8H[43] BH8I[43] BH8J[43] BH8K[43] BH8L[43] BH8M[43] BH8N[43] BH8O[43] BH8P[43] BH8Q[43] BH8R[43] BH8S[43] BH8T[43] BH8U[43] BH8V[43] BH8W[43] BH8X[43] BH9A(24)[43] BH9B(24)[43] BH9C(24)[43] BH9D(24)[43] BH9E(24)[43] BH9F(24)[43] BH9S(23)[42] BH9T(23)[42] BH9U(23)[42] BH9V(23)[42] BH9W(23)[42] BH9X(23)[42] BI2A[33] BI2B[33] BI2C[33] BI2D[33] BI2E[33] BI2F[33] BI2G[33] BI2H[33] BI2I[33] BI2J[33] BI2K[33] BI2L[33] BI2M[33] BI2N[33] BI2O[33] BI2P[33] BI3G(23)[33] BI3H(23)[33] BI3I(23)[33] BI3J(23)[33] BI3K(23)[33] BI3L(23)[33] BI6Q[43] BI6R[43] BI6S[43] BI6T[43] BI6U[43] BI6V[43] BI6W[43] BI6X[43] BI7A[43] BI7B[43] BI7C[43] BI7D[43] BI7E[43] BI7F[43] BI7G[43] BI7H[43] BI7Q[43] BI7R[43] BI7S[43] BI7T[43] BI7U[43] BI7V[43] BI7W[43] BI7X[43] BI8A[43] BI8B[43] BI8C[43] BI8D[43] BI8E[43] BI8F[43] BI8G[43] BI8H[43] BI8I[43] BI8J[43] BI8K[43] BI8L[43] BI8M[43] BI8N[43] BI8O[43] BI8P[43] BI8Q[43] BI8R[43] BI8S[43] BI8T[43] BI8U[43] BI8V[43] BI8W[43] BI8X[43] BI9A(24)[43] BI9B(24)[43] BI9C(24)[43] BI9D(24)[43] BI9E(24)[43] BI9F(24)[43] BI9S(23)[42] BI9T(23)[42] BI9U(23)[42] BI9V(23)[42] BI9W(23)[42] BI9X(23)[42] BJ2A[33] BJ2B[33] BJ2C[33] BJ2D[33] BJ2E[33] BJ2F[33] BJ2G[33] BJ2H[33] BJ2I[33] BJ2J[33] BJ2K[33] BJ2L[33] BJ2M[33] BJ2N[33] BJ2O[33] BJ2P[33] BJ3G(23)[33] BJ3H(23)[33] BJ3I(23)[33] BJ3J(23)[33] BJ3K(23)[33] BJ3L(23)[33] BJ6Q[43] BJ6R[43] BJ6S[43] BJ6T[43] BJ6U[43] BJ6V[43] BJ6W[43] BJ6X[43] BJ7A[43] BJ7B[43] BJ7C[43] BJ7D[43] BJ7E[43] BJ7F[43] BJ7G[43] BJ7H[43] BJ7Q[43] BJ7R[43] BJ7S[43] BJ7T[43] BJ7U[43] BJ7V[43] BJ7W[43] BJ7X[43] BJ8A[43] BJ8B[43] BJ8C[43] BJ8D[43] BJ8E[43] BJ8F[43] BJ8G[43] BJ8H[43] BJ8I[43] BJ8J[43] BJ8K[43] BJ8L[43] BJ8M[43] BJ8N[43] BJ8O[43] BJ8P[43] BJ8Q[43] BJ8R[43] BJ8S[43] BJ8T[43] BJ8U[43] BJ8V[43] BJ8W[43] BJ8X[43] BJ9A(24)[43] BJ9B(24)[43] BJ9C(24)[43] BJ9D(24)[43] BJ9E(24)[43] BJ9F(24)[43] BJ9S(23)[42] BJ9T(23)[42] BJ9U(23)[42] BJ9V(23)[42] BJ9W(23)[42] BJ9X(23)[42] BL2A[33] BL2B[33] BL2C[33] BL2D[33] BL2E[33] BL2F[33] BL2G[33] BL2H[33] BL2I[33] BL2J[33] BL2K[33] BL2L[33] BL2M[33] BL2N[33] BL2O[33] BL2P[33] BL3G(23)[33] BL3H(23)[33] BL3I(23)[33] BL3J(23)[33] BL3K(23)[33] BL3L(23)[33] BL6Q[43] BL6R[43] BL6S[43] BL6T[43] BL6U[43] BL6V[43] BL6W[43] BL6X[43] BL7A[43] BL7B[43] BL7C[43] BL7D[43] BL7E[43] BL7F[43] BL7G[43] BL7H[43] BL7Q[43] BL7R[43] BL7S[43] BL7T[43] BL7U[43] BL7V[43] BL7W[43] BL7X[43] BL8A[43] BL8B[43] BL8C[43] BL8D[43] BL8E[43] BL8F[43] BL8G[43] BL8H[43] BL8I[43] BL8J[43] BL8K[43] BL8L[43] BL8M[43] BL8N[43] BL8O[43] BL8P[43] BL8Q[43] BL8R[43] BL8S[43] BL8T[43] BL8U[43] BL8V[43] BL8W[43] BL8X[43] BL9A(24)[43] BL9B(24)[43] BL9C(24)[43] BL9D(24)[43] BL9E(24)[43] BL9F(24)[43] BL9S(23)[42] BL9T(23)[42] BL9U(23)[42] BL9V(23)[42] BL9W(23)[42] BL9X(23)[42] BT2A[33] BT2B[33] BT2C[33] BT2D[33] BT2E[33] BT2F[33] BT2G[33] BT2H[33] BT2I[33] BT2J[33] BT2K[33] BT2L[33] BT2M[33] BT2N[33] BT2O[33] BT2P[33] BT3G(23)[33] BT3H(23)[33] BT3I(23)[33] BT3J(23)[33] BT3K(23)[33] BT3L(23)[33] BT6Q[43] BT6R[43] BT6S[43] BT6T[43] BT6U[43] BT6V[43] BT6W[43] BT6X[43] BT7A[43] BT7B[43] BT7C[43] BT7D[43] BT7E[43] BT7F[43] BT7G[43] BT7H[43] BT7Q[43] BT7R[43] BT7S[43] BT7T[43] BT7U[43] BT7V[43] BT7W[43] BT7X[43] BT8A[43] BT8B[43] BT8C[43] BT8D[43] BT8E[43] BT8F[43] BT8G[43] BT8H[43] BT8I[43] BT8J[43] BT8K[43] BT8L[43] BT8M[43] BT8N[43] BT8O[43] BT8P[43] BT8Q[43] BT8R[43] BT8S[43] BT8T[43] BT8U[43] BT8V[43] BT8W[43] BT8X[43] BT9A(24)[43] BT9B(24)[43] BT9C(24)[43] BT9D(24)[43] BT9E(24)[43] BT9F(24)[43] BT9S(23)[42] BT9T(23)[42] BT9U(23)[42] BT9V(23)[42] BT9W(23)[42] BT9X(23)[42] BY2A[33] BY2B[33] BY2C[33] BY2D[33] BY2E[33] BY2F[33] BY2G[33] BY2H[33] BY2I[33] BY2J[33] BY2K[33] BY2L[33] BY2M[33] BY2N[33] BY2O[33] BY2P[33] BY3G(23)[33] BY3H(23)[33] BY3I(23)[33] BY3J(23)[33] BY3K(23)[33] BY3L(23)[33] BY6Q[43] BY6R[43] BY6S[43] BY6T[43] BY6U[43] BY6V[43] BY6W[43] BY6X[43] BY7A[43] BY7B[43] BY7C[43] BY7D[43] BY7E[43] BY7F[43] BY7G[43] BY7H[43] BY7Q[43] BY7R[43] BY7S[43] BY7T[43] BY7U[43] BY7V[43] BY7W[43] BY7X[43] BY8A[43] BY8B[43] BY8C[43] BY8D[43] BY8E[43] BY8F[43] BY8G[43] BY8H[43] BY8I[43] BY8J[43] BY8K[43] BY8L[43] BY8M[43] BY8N[43] BY8O[43] BY8P[43] BY8Q[43] BY8R[43] BY8S[43] BY8T[43] BY8U[43] BY8V[43] BY8W[43] BY8X[43] BY9A(24)[43] BY9B(24)[43] BY9C(24)[43] BY9D(24)[43] BY9E(24)[43] BY9F(24)[43] BY9S(23)[42] BY9T(23)[42] BY9U(23)[42] BY9V(23)[42] BY9W(23)[42] BY9X(23)[42] BZ2A[33] BZ2B[33] BZ2C[33] BZ2D[33] BZ2E[33] BZ2F[33] BZ2G[33] BZ2H[33] BZ2I[33] BZ2J[33] BZ2K[33] BZ2L[33] BZ2M[33] BZ2N[33] BZ2O[33] BZ2P[33] BZ3G(23)[33] BZ3H(23)[33] BZ3I(23)[33] BZ3J(23)[33] BZ3K(23)[33] BZ3L(23)[33] BZ6Q[43] BZ6R[43] BZ6S[43] BZ6T[43] BZ6U[43] BZ6V[43] BZ6W[43] BZ6X[43] BZ7A[43] BZ7B[43] BZ7C[43] BZ7D[43] BZ7E[43] BZ7F[43] BZ7G[43] BZ7H[43] BZ7Q[43] BZ7R[43] BZ7S[43] BZ7T[43] BZ7U[43] BZ7V[43] BZ7W[43] BZ7X[43] BZ8A[43] BZ8B[43] BZ8C[43] BZ8D[43] BZ8E[43] BZ8F[43] BZ8G[43] BZ8H[43] BZ8I[43] BZ8J[43] BZ8K[43] BZ8L[43] BZ8M[43] BZ8N[43] BZ8O[43] BZ8P[43] BZ8Q[43] BZ8R[43] BZ8S[43] BZ8T[43] BZ8U[43] BZ8V[43] BZ8W[43] BZ8X[43] BZ9A(24)[43] BZ9B(24)[43] BZ9C(24)[43] BZ9D(24)[43] BZ9E(24)[43] BZ9F(24)[43] BZ9S(23)[42] BZ9T(23)[42] BZ9U(23)[42] BZ9V(23)[42] BZ9W(23)[42] BZ9X(23)[42] =BG9XD/2 =BH6IVL/9(23) =BY1CRA/WRTC;
C2,Nauru,157,OC,31,65,-0.52,-166.92,-12.0,C2;
C3,Andorra,203,EU,14,27,42.58,-1.62,-1.0,C3;
C5,The Gambia,422,AF,35,46,13.40,16.38,0.0,C5;
C6,Bahamas,60,NA,8,11,24.25,76.00,5.0,C6;
C9,Mozambique,181,AF,37,53,-18.25,-35.00,-2.0,C8 C9;
CE,Chile,112,SA,12,14,-30.00,71.00,4.0,3G CA CB CC CD CE XQ XR 3G7[16] 3G8[16] CA7[16] CA8[16] CB7[16] CB8[16] CC7[16] CC8[16] CD7[16] CD8[16] CE7[16] CE8[16] XQ7[16] XQ8[16] XR7[16] XR8[16] =XQ6CFX[16];
CE0X,San Felix & San Ambrosio,217,SA,12,14,-26.28,80.07,4.0,3G0X CA0X CB0X CC0X CD0X CE0X XQ0X XR0X;
CE0Y,Easter Island,47,SA,12,63,-27.10,109.37,6.0,3G0 CA0 CB0 CC0 CD0 CE0 XQ0 XR0;
CE0Z,Juan Fernandez Islands,125,SA,12,14,-33.60,78.85,4.0,3G0Z CA0Z CB0Z CC0Z CD0Z CE0I CE0Z XQ0Z XR0Z;
CE9,Antarctica,13,SA,13,74,-90.00,0.00,0.0,3Y[73] AX0(39)[69] AY1Z[73] AY2Z[73] AY3Z[73] AY4Z[73] AY5Z[73] AY6Z[73] AY7Z[73] AY8Z[73] AY9Z[73] FT0Y(30)[70] FT1Y(30)[70] FT2Y(30)[70] FT3Y(30)[70] FT4Y(30)[70] FT5Y(30)[70] FT6Y(30)[70] FT7Y(30)[70] FT8Y(30)[70] LU1Z[73] LU2Z[73] LU3Z[73] LU4Z[73] LU5Z[73] LU6Z[73] LU7Z[73] LU8Z[73] LU9Z[73] RI1AN(29)[69] VI0(39)[69] VK0(39)[69] ZL5(30)[71] ZM5(30)[71] ZS7(38)[67] =8J1RL(39)[67] =AT42I(38)[67] =AT42IND(38)[67] =DP0GVN(38)[67] =DP1POL(38)[67] =FT4YM/P(29)[70] =KC4AAA(39) =KC4AAC[73] =KC4USB(12) =KC4USV(30)[71] =RI1ANC(29)[70] =RI1ANU(38)[67] =RI30ANT(29)[70] =VP8/SQ1SGB[73] =VP8/SQ1SGB/P(38)[67] =VP8ADE[73] =VP8ADE/B[73];
CM,Cuba,70,NA,8,11,21.50,80.00,5.0,CL CM CO T4;
CN,Morocco,446,AF,33,37,32.00,5.00,0.0,5C 5D 5E 5F 5G CN =9K2DB/CN8SG;
CP,Bolivia,104,SA,10,12,-17.00,65.00,4.0,CP CP2[14] CP3[14] CP4[14] CP5[14] CP6[14] CP7[14];
CT,Portugal,272,EU,14,37,39.50,8.00,0.0,CQ CR CS CT;
CT3,Madeira Islands,256,AF,33,36,32.75,16.95,0.0,CQ2 CQ3 CQ9 CR3 CR9 CS3 CS9 CT3 CT9;
CU,Azores,149,EU,14,36,38.70,27.23,1.0,CQ1 CQ8 CR1 CR2 CR8 CS4 CS8 CT8 CU;
CX,Uruguay,144,SA,13,14,-33.00,56.00,3.0,CV CW CX;
CY0,Sable Island,211,NA,5,9,43.93,59.90,4.0,CY0;
CY9,St. Paul Island,252,NA,5,9,47.00,60.00,4.0,CY9;
D2,Angola,401,AF,36,52,-12.50,-18.50,-1.0,D2 D3;
D4,Cape Verde,409,AF,35,46,16.00,24.00,1.0,D4;
D6,Comoros,411,AF,39,53,-11.63,-43.30,-3.0,D6;
DL,Fed. Rep. of Germany,230,EU,14,28,51.00,-10.00,-1.0,DA DB DC DD DE DF DG DH DI DJ DK DL DM DN DO DP DQ DR Y2 Y3 Y4 Y5 Y6 Y7 Y8 Y9;
DU,Philippines,375,OC,27,50,13.00,-122.00,-8.0,4D 4E 4F 4G 4H 4I DU DV DW DX DY DZ;
E3,Eritrea,51,AF,37,48,15.00,-39.00,-3.0,E3;
E4,Palestine,510,AS,20,39,31.28,-34.27,-2.0,E4;
E5/n,North Cook Islands,191,OC,32,62,-10.02,161.08,10.0,=E51PT =E51WL[63];
E5/s,South Cook Islands,234,OC,32,63,-21.90,157.93,10.0,E5;
E6,Niue,188,OC,32,62,-19.03,169.85,11.0,E6;
E7,Bosnia-Herzegovina,501,EU,15,28,44.32,-17.57,-1.0,E7;
EA,Spain,281,EU,14,37,40.32,3.43,-1.0,AM AN AO EA EB EC ED EE EF EG EH =EA2EZ/P =EA5CC/P =EA5IKT/P =EA9HU =EC5AHA/P;
EA6,Balearic Islands,21,EU,14,37,39.60,-2.95,-1.0,AM6 AN6 AO6 EA6 EB6 EC6 ED6 EE6 EF6 EG6 EH6 =EA6XQ/P;
EA8,Canary Islands,29,AF,33,36,28.32,15.85,0.0,AM8 AN8 AO8 EA8 EB8 EC8 ED8 EE8 EF8 EG8 EH8;
EA9,Ceuta & Melilla,32,AF,33,37,35.90,5.27,-1.0,AM9 AN9 AO9 EA9 EB9 EC9 ED9 EE9 EF9 EG9 EH9 =EA9PD/P;
EI,Ireland,245,EU,14,27,53.13,8.02,0.0,EI EJ;
EK,Armenia,14,AS,21,29,40.40,-44.90,-4.0,EK;
EL,Liberia,434,AF,35,46,6.50,9.50,0.0,5L 5M 6Z A8 D5 EL;
EP,Iran,330,AS,21,40,32.00,-53.00,-3.5,9B 9C 9D EP EQ;
ER,Moldova,179,EU,16,29,47.00,-29.00,-2.0,ER;
ES,Estonia,52,EU,15,29,59.00,-25.00,-2.0,ES;
ET,Ethiopia,53,AF,37,48,9.00,-39.00,-3.0,9E 9F ET;
EU,Belarus,27,EU,16,29,54.00,-28.00,-2.0,EU EV EW;
EX,Kyrgyzstan,135,AS,17,30,41.70,-74.13,-6.0,EX EX0P[31] EX0Q[31] EX2P[31] EX2Q[31] EX6P[31] EX6Q[31] EX7P[31] EX7Q[31] EX8P[31] EX8Q[31];
EY,Tajikistan,262,AS,17,30,38.82,-71.22,-5.0,EY;
EZ,Turkmenistan,280,AS,17,30,38.00,-58.00,-5.0,EZ;
F,France,227,EU,14,27,46.00,-2.00,-1.0,F HW HX HY TH TM TO TP TQ TV TX;
FG,Guadeloupe,79,NA,8,11,16.13,61.67,4.0,FG =TO3Z;
FH,Mayotte,169,AF,39,53,-12.88,-45.15,-3.0,FH;
FJ,St. Barthelemy,516,NA,8,11,17.90,62.83,4.0,FJ;
FK,New Caledonia,162,OC,32,56,-21.50,-165.50,-11.0,FK =TX5L;
FK/c,Chesterfield Islands,512,OC,30,56,-19.87,-158.32,-11.0,=TX3X;
FM,Martinique,84,NA,8,11,14.70,61.03,4.0,FM =TO4A =TO5A =TO7A =TO7O;
FO,French Polynesia,175,OC,32,63,-17.65,149.40,10.0,FO;
FO/a,Austral Islands,508,OC,32,63,-23.37,149.48,10.0,=TX5XG;
FO/c,Clipperton Island,36,NA,7,10,10.28,109.22,8.0,=TX5P;
FO/m,Marquesas Islands,509,OC,31,63,-8.92,140.07,9.5,=FO/AA7JV =FO5QS;
FP,St. Pierre & Miquelon,277,NA,5,9,46.77,56.20,3.0,FP;
FR,Reunion Island,453,AF,39,53,-21.12,-55.48,-4.0,FR;
FS,St. Martin,213,NA,8,11,18.08,63.03,4.0,FS =TO5M =TO5T;
FT/g,Glorioso Islands,99,AF,39,53,-11.55,-47.28,-4.0,FT0G FT1G FT2G FT3G FT4G FT5G FT6G FT7G FT8G FT9G;
FT/j,Juan de Nova & Europa,124,AF,39,53,-17.05,-42.72,-3.0,FT0E FT0J FT1E FT1J FT2E FT2J FT3E FT3J FT4E FT4J FT6E FT6J FT7E FT7J FT8E FT8J FT9E FT9J;
FT/t,Tromelin Island,276,AF,39,53,-15.88,-54.50,-4.0,FT0T FT1T FT2T FT3T FT4T FT5T FT6T FT7T FT8T FT9T;
FT/w,Crozet Island,41,AF,39,68,-46.42,-51.75,-5.0,FT0W FT4W FT5W FT8W;
FT/x,Kerguelen Islands,131,AF,39,68,-49.00,-69.27,-5.0,FT0X FT2X FT4X FT5X FT8X;
FT/z,Amsterdam & St. Paul Is.,10,AF,39,68,-37.85,-77.53,-5.0,FT0Z FT1Z FT2Z FT3Z FT4Z FT5Z FT6Z FT7Z FT8Z;
FW,Wallis & Futuna Islands,298,OC,32,62,-13.30,176.20,-12.0,FW TW;
FY,French Guiana,63,SA,9,12,4.00,53.00,3.0,FY =TO1A;
G,England,223,EU,14,27,52.77,1.47,0.0,2E G M;
GD,Isle of Man,114,EU,14,27,54.20,4.53,0.0,2D GD GT MD MT;
GI,Northern Ireland,265,EU,14,27,54.73,6.68,0.0,2I GI GN MI MN =GB0KC =GB0QE =GB1PAT =GB2PAT =GB8KC;
GJ,Jersey,122,EU,14,27,49.22,2.18,0.0,2J GH GJ MH MJ;
GM,Scotland,279,EU,14,27,56.82,4.18,0.0,2A 2M GM GS MA MM MS =GB0GGR =GB0SIM =GB0SSB =GB2AAW =GB2ELH =GB2JCM =GB2KW =GB2OWM =GB3ANG =GB3LER =GB3LER/B =GB3RMK/B =GB4LER =GB5LSG =GB5SC;
*GM/s,Shetland Islands,279,EU,14,27,60.50,1.50,0.0,=2M0BDR =2M0BDT =2M0CPN =2M0GFC =2M0SEG =2M0SPX =2M0ZET =GB2ELH =GB3LER =GB3LER/B =GB4LER =GM0AVR =GM0CXQ =GM0EKM =GM0GFL =GM0ILB =GM0JDB =GM1FGN =GM1KKI =GM1ZNR =GM3WHT =GM3ZET =GM4IPK =GM4JPI =GM4LBE =GM4LER =GM4PXG =GM4SLV =GM4SSA =GM4WXQ =GM4ZHL =GM6RQW =GM6YQA =GM7AFE =GM7GWW =GM8LNH =GM8MMA =GM8YEC =GS3ZET =MM0LSM =MM0NQY =MM0VIK =MM0XAU =MM0ZAL =MM0ZCG =MM0ZRC =MM1FEO =MM1FJM =MM3VQO =MM5PSL =MM5YLO =MM6BDU =MM6BZQ =MM6IKB =MM6IMB =MM6MFA =MM6PTE =MM6SJK =MM6YLO =MM6ZBG =MM6ZDW =MM7CGR =MM8A =MS0ZCG =MS0ZET;
GU,Guernsey,106,EU,14,27,49.45,2.58,0.0,2U GP GU MP MU;
GW,Wales,294,EU,14,27,52.28,3.73,0.0,2W GC GW MC MW =GB0AAW =GB0MPA =GB0RVW =GB1MUU =GB2IMD =GB2TD =GB4MDI;
H4,Solomon Islands,185,OC,28,51,-9.00,-160.00,-11.0,H4;
H40,Temotu Province,507,OC,32,51,-10.72,-165.80,-11.0,H40;
HA,Hungary,239,EU,15,28,47.12,-19.28,-1.0,HA HG;
HB,Switzerland,287,EU,14,28,46.87,-8.12,-1.0,HB HE;
HB0,Liechtenstein,251,EU,14,28,47.13,-9.57,-1.0,HB0 HE0;
HC,Ecuador,120,SA,10,12,-1.40,78.40,5.0,HC HD;
HC8,Galapagos Islands,71,SA,10,12,-0.78,91.03,6.0,HC8 HD8;
HH,Haiti,78,NA,8,11,19.02,72.18,5.0,4V HH;
HI,Dominican Republic,72,NA,8,11,19.13,70.68,4.0,HI;
HK,Colombia,116,SA,9,12,5.00,74.00,5.0,5J 5K HJ HK;
HK0/a,San Andres & Providencia,216,NA,7,11,12.55,81.72,5.0,5J0 5K0 HJ0 HK0;
HK0/m,Malpelo Island,161,SA,9,12,3.98,81.58,5.0,HJ0M HK0M =HK0TU;
HL,Republic of Korea,137,AS,25,44,36.23,-127.90,-9.0,6K 6L 6M 6N D7 D8 D9 DS DT HL KL9K;
HP,Panama,88,NA,7,11,9.00,80.00,5.0,3E 3F H3 H8 H9 HO HP;
HR,Honduras,80,NA,7,11,15.00,87.00,6.0,HQ HR;
HS,Thailand,387,AS,26,49,12.60,-99.70,-7.0,E2 HS;
HV,Vatican City,295,EU,15,28,41.90,-12.47,-1.0,HV;
HZ,Saudi Arabia,378,AS,21,39,24.20,-43.83,-3.0,7Z 8Z HZ;
I,Italy,248,EU,15,28,42.82,-12.58,-1.0,4U I =IT9ELM/0 =IT9PQJ/0 =IT9RGY/4;
*IG9,African Italy,248,AF,33,37,35.67,-12.67,-1.0,IG9 IH9;
IS,Sardinia,225,EU,15,28,40.15,-9.27,-1.0,IM0 IS0 IW0U IW0V IW0W IW0X IW0Y IW0Z =II0ICH =II0IDP =II0M =IO0WRTC =IQ0AAI =IQ0AG =IQ0AH =IQ0AH/P =IQ0AI =IQ0AK =IQ0AL =IQ0AM =IQ0EH =IQ0HO =IQ0ID =IQ0NU =IQ0OG =IQ0PM =IQ0QP =IQ0SS =IR0A =IY0GA;
*IT9,Sicily,248,EU,15,28,37.50,-14.00,-1.0,IB9 ID9 IE9 IF9 II9 IJ9 IO9 IQ9 IR9 IT9 IU9 IW9 IY9 =IQ1QQ/9 =IW0HBY/9;
J2,Djibouti,382,AF,37,48,11.75,-42.35,-3.0,J2;
J3,Grenada,77,NA,8,11,12.13,61.68,4.0,J3;
J5,Guinea-Bissau,109,AF,35,46,12.02,14.80,0.0,J5;
J6,St. Lucia,97,NA,8,11,13.87,61.00,4.0,J6;
J7,Dominica,95,NA,8,11,15.43,61.35,4.0,J7;
J8,St. Vincent,98,NA,8,11,13.23,61.20,4.0,J8;
JA,Japan,339,AS,25,45,36.40,-138.38,-9.0,7J 7K 7L 7M 7N 8J 8K 8L 8M 8N JA JE JF JG JH JI JJ JK JL JM JN JO JP JQ JR JS;
JD/m,Minami Torishima,177,OC,27,90,24.28,-153.97,-10.0,=JD1YAA =JE7IZM/JD1 =JG8NQJ/JD1;
JD/o,Ogasawara,192,AS,27,45,27.05,-142.20,-9.0,JD1;
JT,Mongolia,363,AS,23,32,46.77,-102.17,-7.0,JT JU JV JT2[33] JT3[33] JU2[33] JU3[33] JV2[33] JV3[33];
JW,Svalbard,259,EU,40,18,78.00,-16.00,-1.0,JW;
*JW/b,Bear Island,259,EU,40,18,74.43,-19.08,-1.0,=JW/LB2PG;
JX,Jan Mayen,118,EU,40,18,71.05,8.28,1.0,JX;
JY,Jordan,342,AS,20,39,31.18,-36.42,-2.0,JY;
K,United States,291,NA,5,8,37.60,91.87,5.0,AA AB AC AD AE AF AG AI AJ AK K N W =4U1WB(5)[8] =AH0AB(3)[6] =AH0AJ(5)[8] =AH0AM(4)[8] =AH0BR(5)[8] =AH0BV(5)[8] =AH0BZ(5)[8] =AH0C(3)[6] =AH0CC(3)[6] =AH0CJ(5)[8] =AH0CN(3)[6] =AH0CX(3)[6] =AH0G(5)[8] =AH0O(3)[6] =AH0Q(3)[6] =AH0U(3)[6] =AH0W(3)[6] =AH2A(3)[6] =AH2AJ(5)[8] =AH2AK(3)[6] =AH2AP(3)[6] =AH2AQ(4)[7] =AH2AR(4)[8] =AH2AV(4)[8] =AH2AZ(4)[7] =AH2BY(4)[7] =AH2CF(4)[8] =AH2CG(3)[6] =AH2CZ(3)[6] =AH2DB(3)[6] =AH2DF(5)[8] =AH2DG(4)[7] =AH2DP(3)[6] =AH2DS(3)[6] =AH2DY(3)[6] =AH2EB(5)[8] =AH2EH(4)[7] =AH2EJ(5)[8] =AH2H(4)[7] =AH2O(5)[8] =AH2T(4)[7] =AH2V(5)[8] =AH2W(5)[8] =AH2X(5)[8] =AH3D(4)[7] =AH6AF(4)[7] =AH6AL(5)[8] =AH6AO(4)[8] =AH6AT(5)[8] =AH6AU(5)[8] =AH6AX(5)[8] =AH6BJ(5)[8] =AH6BS(3)[6] =AH6BV(5)[8] =AH6C(5)[8] =AH6CY(3)[6] =AH6D(3)[6] =AH6DZ(4)[7] =AH6ES(4)[8] =AH6ET(3)[6] =AH6EZ(3)[6] =AH6FV(4)[7] =AH6FX(5)[8] =AH6FY(4)[7] =AH6GA(3)[6] =AH6HE(3)[6] =AH6HK(3)[6] =AH6HR(5)[8] =AH6HR/4(4)[8] =AH6HS(3)[6] =AH6HT(4)[7] =AH6I(3)[6] =AH6IJ(4)[7] =AH6IW(5)[8] =AH6JH(5)[8] =AH6JS(3)[6] =AH6K(5)[8] =AH6KB(4)[8] =AH6KD(3)[6] =AH6KG(3)[6] =AH6KS(5)[8] =AH6KT(5)[8] =AH6LE(3)[6] =AH6LS(5)[8] =AH6MD(4)[7] =AH6ML(3)[6] =AH6MQ(4)[8] =AH6N(4)[7] =AH6NL(3)[6] =AH6NP(3)[6] =AH6NR(3)[6] =AH6O(4)[7] =AH6OD(3)[6] =AH6OM(4)[8] =AH6OS(4)[7] =AH6OU(4)[7] =AH6P(3)[6] =AH6PA(4)[8] =AH6PD(3)[6] =AH6PJ(3)[6] =AH6PW(3)[6] =AH6R(5)[8] =AH6RB(4)[7] =AH6RE(5)[8] =AH6S(3)[6] =AH6SU(4)[7] =AH6SV(3)[6] =AH6TS(4)[7] =AH6TX(3)[6] =AH6UD(4)[7] =AH6UK(3)[6] =AH6UN(3)[6] =AH6UX(3)[6] =AH6VM(3)[6] =AH6VQ(4)[7] =AH6VV(4)[7] =AH6X(3)[6] =AH6Y(3)[6] =AH6YL(4)[8] =AH6Z(5)[8] =AH7A(3)[6] =AH7D(3)[6] =AH7DN(5)[8] =AH7F(3)[6] =AH7I(5)[8] =AH7J(5)[8] =AH7Q(3)[6] =AH7U(4)[7] =AH7Z(4)[7] =AH8AC(3)[6] =AH8B(5)[8] =AH8C(3)[6] =AH8DX(3)[6] =AH8K(3)[6] =AH8M(5)[8] =AH8O(4)[7] =AH8P(5)[8] =AH9A(3)[6] =AH9C(4)[7] =AL0A(5)[8] =AL0AA(3)[6] =AL0F(4)[8] =AL0FT(3)[6] =AL0G(4)[7] =AL0H(3)[6] =AL0I(5)[8] =AL0Q(5)[8] =AL0R(4)[7] =AL0X(3)[6] =AL0Y(5)[8] =AL1A(5)[8] =AL1AK(4)[7] =AL1B(5)[8] =AL1CE(4)[8] =AL1F(4)[7] =AL1K(5)[8] =AL1N(3)[6] =AL1O(5)[8] =AL1P(3)[6] =AL1VE(3)[6] =AL2AK(4)[7] =AL2B(3)[6] =AL2C(4)[8] =AL2E(3)[6] =AL2G(5)[8] =AL2GR(3)[6] =AL2I(3)[6] =AL2N(3)[6] =AL2O(5)[8] =AL2S(4)[7] =AL3A(3)[6] =AL3C(5)[8] =AL3E(4)[7] =AL3G(5)[8] =AL3L(3)[6] =AL3M(5)[8] =AL3V(5)[8] =AL3X(5)[8] =AL4B(4)[8] =AL4D(3)[6] =AL4E(4)[8] =AL4F(3)[6] =AL4K(3)[6] =AL4R(3)[6] =AL4U(5)[8] =AL4V(5)[8] =AL4X(5)[8] =AL5A(5)[8] =AL5B(3)[6] =AL5IN(5)[8] =AL5J(4)[7] =AL5M(4)[7] =AL5O(5)[8] =AL5P(4)[7] =AL5W(3)[6] =AL6B(4)[8] =AL6M(3)[6] =AL7AA(3)[6] =AL7AB(5)[8] =AL7AH(4)[8] =AL7AK(4)[8] =AL7AL(5)[8] =AL7AM(5)[8] =AL7AN(3)[6] =AL7AU(4)[7] =AL7AW(3)[6] =AL7BA(4)[8] =AL7BN(3)[6] =AL7BQ(3)[6] =AL7BR(4)[7] =AL7BT(4)[8] =AL7BX(3)[6] =AL7C(4)[7] =AL7CG(3)[6] =AL7CJ(4)[7] =AL7CQ(4)[7] =AL7CR(3)[6] =AL7CS(3)[6] =AL7CV(4)[8] =AL7CX(4)[8] =AL7D(3)[6] =AL7DD(3)[6] =AL7DF(4)[7] =AL7DQ(3)[6] =AL7DR(4)[7] =AL7DS(4)[8] =AL7DU(3)[6] =AL7EI(3)[6] =AL7EK(4)[7] =AL7EM(3)[6] =AL7EU(4)[8] =AL7EW(3)[6] =AL7F(3)[6] =AL7FA(3)[6] =AL7FB(3)[6] =AL7FN(3)[6] =AL7FU(4)[7] =AL7FZ(3)[6] =AL7G(3)[6] =AL7GD(5)[8] =AL7GF(5)[8] =AL7GI(4)[8] =AL7GK(5)[8] =AL7GN(3)[6] =AL7GQ(4)[7] =AL7GS(3)[6] =AL7HD(3)[6] =AL7HG(5)[8] =AL7HH(4)[7] =AL7HS(3)[6] =AL7HU(4)[7] =AL7HW(5)[8] =AL7HY(3)[6] =AL7IC(4)[7] =AL7IH(4)[7] =AL7IM(4)[7] =AL7IT(3)[6] =AL7J(4)[7] =AL7JB(4)[8] =AL7JJ(4)[7] =AL7JN(4)[8] =AL7JP(4)[7] =AL7JS(3)[6] =AL7JU(3)[6] =AL7JV(3)[6] =AL7JW(3)[6] =AL7KE(3)[6] =AL7KF(3)[6] =AL7KG(3)[6] =AL7KK(3)[6] =AL7KN(4)[8] =AL7KT(5)[8] =AL7KV(3)[6] =AL7LB(3)[6] =AL7LH(5)[8] =AL7LI(3)[6] =AL7LJ(5)[8] =AL7LP(4)[8] =AL7LV(5)[8] =AL7MH(3)[6] =AL7MR(4)[8] =AL7ND(3)[6] =AL7NI(4)[7] =AL7NK(3)[6] =AL7NM(5)[8] =AL7NN(5)[8] =AL7NS(5)[8] =AL7NY(4)[7] =AL7NZ(3)[6] =AL7OA(3)[6] =AL7OE(4)[7] =AL7OG(3)[6] =AL7OL(4)[8] =AL7OP(4)[8] =AL7OW(3)[6] =AL7PB(4)[7] =AL7PL(5)[8] =AL7PM(4)[8] =AL7PR(3)[6] =AL7PS(3)[6] =AL7PV(3)[6] =AL7QI(5)[8] =AL7QL(3)[6] =AL7QO(4)[8] =AL7QQ(4)[7] =AL7QR(4)[7] =AL7QS(5)[8] =AL7QZ(3)[6] =AL7R(3)[6] =AL7RB(5)[8] =AL7RD(4)[7] =AL7RE(5)[8] =AL7RF(3)[6] =AL7RG(5)[8] =AL7RH(4)[8] =AL7RI(4)[7] =AL7RK(5)[8] =AL7RM(4)[8] =AL7RN(5)[8] =AL7RR(3)[6] =AL7RS(5)[8] =AL7RT(4)[7] =AL7T(4)[7] =AL7V(4)[7] =AL7W(3)[6] =AL7Z(3)[6] =AL8F(3)[6] =AL9DB(4)[7] =G8ERJ(5)[8] =KH0AF(4)[7] =KH0AS(3)[6] =KH0BE(4)[8] =KH0BR(3)[6] =KH0BU(3)[6] =KH0BZ(4)[7] =KH0CA(3)[6] =KH0CG(3)[6] =KH0CU(4)[7] =KH0CW(5)[8] =KH0DH(3)[6] =KH0DJ(3)[6] =KH0DW(4)[7] =KH0EX(4)[7] =KH0H(3)[6] =KH0HQ(3)[6] =KH0HR(5)[8] =KH0JA(3)[6] =KH0JJ(3)[6] =KH0JO(3)[6] =KH0K(3)[6] =KH0LY(3)[6] =KH0NI(5)[8] =KH0SH(3)[6] =KH0UN(4)[8] =KH0V(3)[6] =KH0X(3)[6] =KH0XD(3)[6] =KH0YT(5)[8] =KH0ZZ(5)[8] =KH2AB(5)[8] =KH2AI(4)[7] =KH2AK(5)[8] =KH2AP(4)[7] =KH2AR(4)[8] =KH2AY(3)[6] =KH2BD(3)[6] =KH2BI(3)[6] =KH2BR(3)[6] =KH2BX(4)[8] =KH2C(3)[6] =KH2CH(3)[6] =KH2CW(5)[8] =KH2CZ(4)[7] =KH2D(5)[8] =KH2DF(4)[7] =KH2DN(4)[8] =KH2DX(3)[6] =KH2EA(5)[8] =KH2EE(5)[8] =KH2EI(5)[8] =KH2EP(4)[8] =KH2EV(4)[7] =KH2EW(3)[6] =KH2FF(4)[7] =KH2FI(3)[6] =KH2FJ(4)[8] =KH2G(3)[6] =KH2GG(3)[6] =KH2GM(4)[8] =KH2H(3)[6] =KH2IW(3)[6] =KH2JA(3)[6] =KH2JH(5)[8] =KH2JK(4)[7] =KH2JX(3)[6] =KH2KD(5)[8] =KH2LU(3)[6] =KH2LZ(3)[6] =KH2MV(3)[6] =KH2NC(5)[8] =KH2OJ(3)[6] =KH2OP(4)[7] =KH2P(5)[8] =KH2PM(5)[8] =KH2QE(3)[6] =KH2QH(3)[6] =KH2QL(3)[6] =KH2QY(3)[6] =KH2R(5)[8] =KH2RK(3)[6] =KH2RL(5)[8] =KH2RP(4)[8] =KH2SK(3)[6] =KH2SL(4)[7] =KH2SR(3)[6] =KH2SX(5)[8] =KH2TB(4)[7] =KH2TI(5)[8] =KH2TJ(3)[6] =KH2UG(5)[8] =KH2UV(5)[8] =KH2UY(5)[8] =KH2UZ(5)[8] =KH2VB(5)[8] =KH2XD(4)[7] =KH2XO(4)[7] =KH2XP(3)[6] =KH2XW(3)[6] =KH2YG(5)[8] =KH2YJ(3)[6] =KH2YL(3)[6] =KH2YO(4)[7] =KH2Z(3)[6] =KH2ZM(3)[6] =KH3AC(5)[8] =KH3AD(3)[6] =KH3AG(5)[8] =KH4AF(4)[8] =KH4AG(5)[8] =KH6AB(3)[6] =KH6ABA(4)[7] =KH6AD(4)[8] =KH6AE(5)[8] =KH6AG(3)[6] =KH6AHQ(5)[8] =KH6ALN(5)[8] =KH6AME(5)[8] =KH6AS(3)[6] =KH6BMD(3)[6] =KH6BRY(3)[6] =KH6BXZ(3)[6] =KH6CA(4)[7] =KH6CN(3)[6] =KH6COL(3)[6] =KH6COY(3)[6] =KH6CQG(3)[6] =KH6CQH(3)[6] =KH6CS(5)[8] =KH6CT(5)[8] =KH6CTQ(3)[6] =KH6CUJ(5)[8] =KH6DAL(3)[6] =KH6DAN(4)[7] =KH6DB(3)[6] =KH6DDW(3)[6] =KH6DHF(3)[6] =KH6DHK(4)[8] =KH6DM(4)[7] =KH6DOT(3)[6] =KH6DUT(3)[6] =KH6DZ(3)[6] =KH6EAM(3)[6] =KH6ED(5)[8] =KH6EE(3)[6] =KH6EHF(3)[6] =KH6EI(3)[6] =KH6EO(4)[8] =KH6FE(3)[6] =KH6FH(3)[6] =KH6FL(3)[6] =KH6FOX(3)[6] =KH6FQR(3)[6] =KH6FQY(3)[6] =KH6FU(3)[6] =KH6GB(3)[6] =KH6GBQ(3)[6] =KH6GC(3)[6] =KH6GDN(3)[6] =KH6GGC(4)[7] =KH6GJV(3)[6] =KH6GK(3)[6] =KH6GKR(3)[6] =KH6GN(3)[6] =KH6GR(5)[8] =KH6GRG(5)[8] =KH6HDA(3)[6] =KH6HJE(3)[6] =KH6HNL(4)[7] =KH6HO(5)[8] =KH6HOU(3)[6] =KH6HP(3)[6] =KH6HPQ(4)[7] =KH6HTV(4)[7] =KH6HU(3)[6] =KH6HZ(5)[8] =KH6IA(3)[6] =KH6ICQ(3)[6] =KH6IDF(4)[7] =KH6IHB(3)[6] =KH6II(4)[7] =KH6IK(4)[8] =KH6IKC(3)[6] =KH6IKH(3)[6] =KH6IKI(5)[8] =KH6IKL(3)[6] =KH6ILT(4)[8] =KH6IMN(3)[6] =KH6IPJ(3)[6] =KH6IQX(3)[6] =KH6ITI(5)[8] =KH6ITY(4)[7] =KH6JAU(5)[8] =KH6JCC(5)[8] =KH6JCT(3)[6] =KH6JEM(4)[7] =KH6JFH(4)[7] =KH6JFL(3)[6] =KH6JGA(5)[8] =KH6JGD(3)[6] =KH6JIM(3)[6] =KH6JIQ(4)[7] =KH6JJD(5)[8] =KH6JJN(3)[6] =KH6JKL(3)[6] =KH6JN(3)[6] =KH6JNK(3)[6] =KH6JNW(5)[8] =KH6JNY(4)[8] =KH6JPB(4)[8] =KH6JPJ(3)[6] =KH6JPO(3)[6] =KH6JQW(4)[8] =KH6JR(3)[6] =KH6JRB(3)[6] =KH6JRC(3)[6] =KH6JRL(3)[6] =KH6JRW(3)[6] =KH6JS(3)[6] =KH6JT(3)[6] =KH6JTE(4)[7] =KH6JTM(4)[7] =KH6JUA(5)[8] =KH6JUK(5)[8] =KH6JUM(4)[7] =KH6JUQ(3)[6] =KH6JVF(4)[7] =KH6JVL(4)[7] =KH6JVS(3)[6] =KH6JWG(3)[6] =KH6KI(4)[8] =KH6KS(3)[6] =KH6KT(3)[6] =KH6KZ(5)[8] =KH6LEM(3)[6] =KH6LO(3)[6] =KH6LX(4)[7] =KH6M(5)[8] =KH6MF(3)[6] =KH6MI(5)[8] =KH6MJ(5)[8] =KH6MT(5)[8] =KH6MV(3)[6] =KH6N(3)[6] =KH6NA(3)[6] =KH6NC(5)[8] =KH6ND(3)[6] =KH6NG(3)[6] =KH6NI(5)[8] =KH6NM(4)[7] =KH6NO(3)[6] =KH6NR(4)[7] =KH6NU(3)[6] =KH6O(3)[6] =KH6OE(4)[8] =KH6OK(3)[6] =KH6OU(5)[8] =KH6OV(3)[6] =KH6OY(4)[7] =KH6OZ(4)[7] =KH6PG(3)[6] =KH6PM(3)[6] =KH6PR(3)[6] =KH6PRD(4)[7] =KH6PX(5)[8] =KH6QAI(3)[6] =KH6QAJ(3)[6] =KH6RD(4)[8] =KH6RE(5)[8] =KH6RF(5)[8] =KH6RP(5)[8] =KH6RV(4)[7] =KH6RW(3)[6] =KH6SB(4)[7] =KH6SEV(3)[6] =KH6SKY(4)[8] =KH6SM(4)[8] =KH6SS(3)[6] =KH6SZ(4)[7] =KH6TG(4)[7] =KH6TL(4)[7] =KH6TO(3)[6] =KH6TX(3)[6] =KH6TY(5)[8] =KH6UC(4)[7] =KH6UK(3)[6] =KH6UQ(3)[6] =KH6USA(3)[6] =KH6UV(3)[6] =KH6UX(4)[8] =KH6VC(3)[6] =KH6VHF(4)[7] =KH6VI(3)[6] =KH6VM(3)[6] =KH6VO(4)[7] =KH6VT(3)[6] =KH6VZ(3)[6] =KH6WH(3)[6] =KH6WL(3)[6] =KH6WX(3)[6] =KH6WY(5)[8] =KH6WZ(3)[6] =KH6XJ(3)[6] =KH6XS(3)[6] =KH6XX/0(4)[7] =KH6YL(3)[6] =KH7AL(4)[7] =KH7AX(3)[6] =KH7BU(4)[7] =KH7CB(3)[6] =KH7CF(4)[7] =KH7CM(3)[6] =KH7CO(3)[6] =KH7CS(3)[6] =KH7CU(4)[7] =KH7CZ(3)[6] =KH7DA(5)[8] =KH7DA/4(5)[8] =KH7DK(4)[8] =KH7DM(5)[8] =KH7DR(4)[8] =KH7EI(4)[8] =KH7EM(3)[6] =KH7FC(5)[8] =KH7FJ(3)[6] =KH7FR(3)[6] =KH7FU(5)[8] =KH7GA(5)[8] =KH7GF(4)[7] =KH7HA(4)[7] =KH7HH(3)[6] =KH7HJ(3)[6] =KH7HY(4)[7] =KH7I(3)[6] =KH7IC(4)[7] =KH7IP(3)[6] =KH7IZ(3)[6] =KH7JM(4)[8] =KH7JO(5)[8] =KH7JR(3)[6] =KH7LE(3)[6] =KH7ME(3)[6] =KH7MR(3)[6] =KH7MX(5)[8] =KH7NE(5)[8] =KH7NI(3)[6] =KH7NP(3)[6] =KH7NS(3)[6] =KH7OC(5)[8] =KH7OV(5)[8] =KH7OX(4)[7] =KH7PL(5)[8] =KH7QI(4)[7] =KH7QJ(4)[7] =KH7QL(4)[7] =KH7QO(4)[7] =KH7QS(3)[6] =KH7QU(3)[6] =KH7R(3)[6] =KH7RB(3)[6] =KH7RD(3)[6] =KH7RQ(3)[6] =KH7RT(4)[8] =KH7SB(3)[6] =KH7SE(4)[7] =KH7SP(4)[8] =KH7SQ(3)[6] =KH7SR(3)[6] =KH7TG(3)[6] =KH7TJ(3)[6] =KH7TR(3)[6] =KH7TW(3)[6] =KH7VB(3)[6] =KH7VC(3)[6] =KH7VD(3)[6] =KH7VE(3)[6] =KH7WK(5)[8] =KH7WN(3)[6] =KH7WO(3)[6] =KH7WP(3)[6] =KH7WR(3)[6] =KH7WS(3)[6] =KH7WX(3)[6] =KH7XT(5)[8] =KH7Y(3)[6] =KH7YD(3)[6] =KH7ZC(5)[8] =KH7ZD(3)[6] =KH7ZT(4)[8] =KH8AB(3)[6] =KH8AC(5)[8] =KH8AF(3)[6] =KH8AH(3)[6] =KH8BG(3)[6] =KH8CG(4)[7] =KH8CN(5)[8] =KH8CW(4)[7] =KH8DO(5)[8] =KH8E(3)[6] =KH8FL(3)[6] =KH8K(5)[8] =KH8U(5)[8] =KH8ZK(5)[8] =KH9AE(4)[7] =KL0AA(3)[6] =KL0AF(4)[7] =KL0AG(5)[8] =KL0AH(4)[8] =KL0AI(3)[6] =KL0AL(3)[6] =KL0AN(3)[6] =KL0AP(3)[6] =KL0CA(3)[6] =KL0CM(3)[6] =KL0CP(4)[8] =KL0CW(3)[6] =KL0DF(3)[6] =KL0DG(3)[6] =KL0DN(4)[8] =KL0DR(3)[6] =KL0DT(3)[6] =KL0DW(4)[7] =KL0EQ(4)[7] =KL0ER(3)[6] =KL0ET(4)[8] =KL0EU(3)[6] =KL0EX(4)[7] =KL0EY(4)[8] =KL0FF(4)[8] =KL0FOX(4)[7] =KL0GI(4)[8] =KL0GP(4)[7] =KL0GQ(4)[7] =KL0HU(4)[7] =KL0HZ(3)[6] =KL0IF(4)[7] =KL0IP(5)[8] =KL0IR(3)[6] =KL0IS(3)[6] =KL0IW(3)[6] =KL0IX(3)[6] =KL0L(5)[8] =KL0LB(4)[8] =KL0LF(3)[6] =KL0LN(4)[8] =KL0LP(3)[6] =KL0MG(5)[8] =KL0MO(3)[6] =KL0MP(5)[8] =KL0MW(4)[7] =KL0N(4)[7] =KL0NM(3)[6] =KL0NP(3)[6] =KL0NR(4)[8] =KL0NT(4)[7] =KL0NV(4)[7] =KL0NY(4)[8] =KL0PC(3)[6] =KL0PD(4)[8] =KL0PG(4)[7] =KL0PM(4)[8] =KL0PP(3)[6] =KL0QD(3)[6] =KL0QS(3)[6] =KL0RA(3)[6] =KL0RN(4)[7] =KL0S(5)[8] =KL0SA(3)[6] =KL0SS(5)[8] =KL0ST(5)[8] =KL0SV(4)[7] =KL0SZ(3)[6] =KL0T(4)[8] =KL0TF(4)[7] =KL0TN(3)[6] =KL0TQ(3)[6] =KL0TR(3)[6] =KL0TU(3)[6] =KL0TV(5)[8] =KL0UA(5)[8] =KL0UD(5)[8] =KL0UP(4)[7] =KL0VB(3)[6] =KL0VD(5)[8] =KL0VE(5)[8] =KL0VH(4)[8] =KL0VM(4)[7] =KL0VU(5)[8] =KL0VZ(3)[6] =KL0WF(5)[8] =KL0WH(4)[7] =KL0WIZ(4)[7] =KL0WN(3)[6] =KL0WV(5)[8] =KL0XI(4)[7] =KL0XJ(5)[8] =KL0XM(4)[7] =KL0XN(4)[7] =KL0XT(4)[8] =KL0YD(3)[6] =KL0ZA(3)[6] =KL0ZF(3)[6] =KL0ZL(3)[6] =KL1AA(3)[6] =KL1AC(4)[8] =KL1AE(3)[6] =KL1AH(4)[8] =KL1AK(3)[6] =KL1AN(5)[8] =KL1AV(5)[8] =KL1BM(4)[8] =KL1BQ(3)[6] =KL1CNN(5)[8] =KL1CQ(3)[6] =KL1DA(4)[7] =KL1DJ(4)[7] =KL1DN(4)[8] =KL1DO(3)[6] =KL1DS(4)[7] =KL1DW(3)[6] =KL1DY(4)[7] =KL1DZ(4)[7] =KL1ED(3)[6] =KL1FE(3)[6] =KL1FI(4)[7] =KL1HA(5)[8] =KL1HC(3)[6] =KL1HS(3)[6] =KL1HX(4)[7] =KL1IF(4)[7] =KL1J(4)[7] =KL1JF(3)[6] =KL1JS(3)[6] =KL1K(3)[6] =KL1KJ(4)[7] =KL1KM(5)[8] =KL1KP(5)[8] =KL1KU(3)[6] =KL1KW(3)[6] =KL1LA(5)[8] =KL1LD(4)[7] =KL1LE(3)[6] =KL1LF(5)[8] =KL1LV(4)[8] =KL1LZ(3)[6] =KL1MF(3)[6] =KL1MM(4)[7] =KL1MW(4)[7] =KL1NER(3)[6] =KL1NK(5)[8] =KL1NO(4)[8] =KL1NR(4)[8] =KL1OC(5)[8] =KL1OH(3)[6] =KL1OK(5)[8] =KL1PA(5)[8] =KL1PV(4)[7] =KL1QL(3)[6] =KL1QN(4)[8] =KL1RH(3)[6] =KL1RV(3)[6] =KL1RX(4)[7] =KL1SE(4)[8] =KL1SO(5)[8] =KL1SP(3)[6] =KL1SS(5)[8] =KL1TQ(3)[6] =KL1TS(4)[7] =KL1TU(4)[7] =KL1TV(4)[7] =KL1U(3)[6] =KL1UA(3)[6] =KL1UM(3)[6] =KL1UR(4)[7] =KL1US(4)[8] =KL1VN(4)[7] =KL1WD(5)[8] =KL1WG(4)[7] =KL1WO(4)[7] =KL1XF(3)[6] =KL1XI(3)[6] =KL1XK(5)[8] =KL1XQ(4)[7] =KL1XR(4)[7] =KL1Y(4)[7] =KL1YO(3)[6] =KL1ZA(4)[8] =KL1ZN(3)[6] =KL1ZP(3)[6] =KL1ZR(3)[6] =KL1ZW(4)[7] =KL2A(3)[6] =KL2A/1(5)[8] =KL2AK(5)[8] =KL2AP(5)[8] =KL2AX(4)[7] =KL2BG(4)[7] =KL2BO(3)[6] =KL2BP(3)[6] =KL2BW(3)[6] =KL2BY(3)[6] =KL2BZ(3)[6] =KL2CD(4)[7] =KL2CV(3)[6] =KL2CX(5)[8] =KL2DM(5)[8] =KL2EY(5)[8] =KL2FD(3)[6] =KL2FL(3)[6] =KL2GA(5)[8] =KL2GB(4)[8] =KL2GG(5)[8] =KL2GP(5)[8] =KL2GR(4)[7] =KL2HC(4)[7] =KL2HK(4)[8] =KL2HN(4)[7] =KL2HV(5)[8] =KL2JY(3)[6] =KL2K(3)[6] =KL2KL(5)[8] =KL2KP(4)[8] =KL2KY(3)[6] =KL2LA(3)[6] =KL2LK(4)[8] =KL2LN(3)[6] =KL2LT(3)[6] =KL2LU(4)[8] =KL2MA(3)[6] =KL2MB(3)[6] =KL2MI(4)[7] =KL2MP(3)[6] =KL2MQ(5)[8] =KL2MU(5)[8] =KL2NI(4)[8] =KL2NJ(3)[6] =KL2NN(5)[8] =KL2NP(5)[8] =KL2NS(4)[7] =KL2NU(3)[6] =KL2NW(3)[6] =KL2NZ(4)[7] =KL2OH(3)[6] =KL2OJ(3)[6] =KL2OY(4)[7] =KL2P(3)[6] =KL2PS(4)[8] =KL2QE(3)[6] =KL2QO(4)[7] =KL2RA(4)[7] =KL2RB(4)[7] =KL2TD(4)[8] =KL2TP(5)[8] =KL2TR(3)[6] =KL2TV(4)[7] =KL2TZ(3)[6] =KL2UM(5)[8] =KL2UO(4)[7] =KL2UP(4)[7] =KL2UQ(5)[8] =KL2UR(5)[8] =KL2UY(4)[8] =KL2VA(4)[7] =KL2VK(3)[6] =KL2WE(3)[6] =KL2WF(4)[8] =KL2WL(3)[6] =KL2XF(5)[8] =KL2XI(5)[8] =KL2XQ(3)[6] =KL2YD(4)[8] =KL2YH(3)[6] =KL2YI(4)[7] =KL2YO(3)[6] =KL2YQ(3)[6] =KL2YU(4)[8] =KL2ZJ(4)[7] =KL2ZK(4)[7] =KL2ZL(4)[8] =KL3BG(5)[8] =KL3DA(4)[8] =KL3DL(3)[6] =KL3DP(4)[7] =KL3EM(4)[7] =KL3ET(3)[6] =KL3EV(5)[8] =KL3EZ(3)[6] =KL3FA(5)[8] =KL3FE(3)[6] =KL3FI(4)[7] =KL3FY(3)[6] =KL3GK(5)[8] =KL3HG(5)[8] =KL3HK(4)[7] =KL3HL(3)[6] =KL3HM(3)[6] =KL3HN(3)[6] =KL3HQ(4)[8] =KL3HX(4)[7] =KL3HZ(4)[7] =KL3IA(5)[8] =KL3IC(3)[6] =KL3IG(4)[8] =KL3II(3)[6] =KL3IM(3)[6] =KL3IO(3)[6] =KL3IQ(4)[8] =KL3IW(4)[7] =KL3JB(4)[7] =KL3JC(4)[8] =KL3JL(4)[7] =KL3KB(5)[8] =KL3KC(5)[8] =KL3KF(4)[7] =KL3KG(5)[8] =KL3KH(4)[7] =KL3KI(4)[7] =KL3KM(4)[7] =KL3KS(4)[7] =KL3KZ(4)[7] =KL3LC(3)[6] =KL3LP(4)[8] =KL3LY(4)[7] =KL3LZ(5)[8] =KL3MA(4)[7] =KL3MB(4)[7] =KL3MC(4)[7] =KL3MK(3)[6] =KL3ML(3)[6] =KL3MW(4)[7] =KL3MZ(4)[7] =KL3NE(3)[6] =KL3NR(5)[8] =KL3OK(4)[8] =KL3OQ(3)[6] =KL3PD(3)[6] =KL3PP(5)[8] =KL3PV(4)[8] =KL3QS(4)[7] =KL3RA(4)[8] =KL3RH(3)[6] =KL3SA(4)[8] =KL3SH(5)[8] =KL3SM(4)[7] =KL3ST(4)[7] =KL3TB(4)[7] =KL3TW(3)[6] =KL3UX(5)[8] =KL3VA(5)[8] =KL3VJ(3)[6] =KL3VN(4)[7] =KL3WM(5)[8] =KL3X(5)[8] =KL3XB(5)[8] =KL3XJ(4)[8] =KL3XS(3)[6] =KL3YH(3)[6] =KL3ZC(5)[8] =KL4AO(3)[6] =KL4BQ(3)[6] =KL4C(5)[8] =KL4CX(4)[8] =KL4CZ(5)[8] =KL4DD(5)[8] =KL4DV(5)[8] =KL4E(5)[8] =KL4EJ(4)[8] =KL4FX(3)[6] =KL4GW(3)[6] =KL4GY(3)[6] =KL4H(5)[8] =KL4IY(4)[7] =KL4J(5)[8] =KL4JN(4)[7] =KL4JQ(4)[7] =KL4KA(4)[8] =KL4KF(3)[6] =KL4LJ(4)[7] =KL4LS(4)[7] =KL4LV(3)[6] =KL4NE(5)[8] =KL4NG(3)[6] =KL4NQ(3)[6] =KL4NX(3)[6] =KL4NZ(3)[6] =KL4OG(3)[6] =KL4PQ(4)[8] =KL4QJ(3)[6] =KL4QZ(4)[7] =KL4RA(4)[7] =KL4RKH(3)[6] =KL4RL(5)[8] =KL4RY(3)[6] =KL4T(5)[8] =KL4UN(3)[6] =KL4WV(5)[8] =KL4X(5)[8] =KL4XK(5)[8] =KL4XR(5)[8] =KL4YFD(3)[6] =KL5AY(4)[8] =KL5BF(4)[7] =KL5CD(4)[8] =KL5CS(3)[6] =KL5CX(3)[6] =KL5DY/4(5)[8] =KL5GK(4)[7] =KL5L(4)[7] =KL5R(4)[8] =KL5X(5)[8] =KL5YJ(5)[8] =KL5Z(4)[7] =KL7A(5)[8] =KL7AB(3)[6] =KL7AD(3)[6] =KL7AE(3)[6] =KL7AF(5)[8] =KL7AH(4)[7] =KL7AK(3)[6] =KL7AL(4)[8] =KL7AN(3)[6] =KL7AR(4)[7] =KL7AT(3)[6] =KL7AU(4)[7] =KL7AW(3)[6] =KL7AX(4)[7] =KL7BB(3)[6] =KL7BCD(4)[7] =KL7BD(3)[6] =KL7BDC(3)[6] =KL7BGR(4)[8] =KL7BH(3)[6] =KL7BJ(3)[6] =KL7BL(4)[7] =KL7BR(3)[6] =KL7BS(3)[6] =KL7BT(3)[6] =KL7BUR(3)[6] =KL7BX(4)[7] =KL7BXP(3)[6] =KL7BZL(4)[7] =KL7C(3)[6] =KL7CD(4)[7] =KL7CE(4)[8] =KL7CM(3)[6] =KL7CN(3)[6] =KL7CPO(3)[6] =KL7CR(3)[6] =KL7CT(3)[6] =KL7CVW(3)[6] =KL7CX(4)[7] =KL7CY(3)[6] =KL7DB(4)[7] =KL7DC(3)[6] =KL7DF(3)[6] =KL7DI(3)[6] =KL7DJ(3)[6] =KL7DK(3)[6] =KL7DL(5)[8] =KL7DLG(3)[6] =KL7DM(3)[6] =KL7DS(4)[8] =KL7DSI(3)[6] =KL7DTJ(4)[7] =KL7DYS(3)[6] =KL7DZQ(3)[6] =KL7EAE(3)[6] =KL7EAL(3)[6] =KL7EBE(4)[7] =KL7EF(3)[6] =KL7EH(3)[6] =KL7EIN(3)[6] =KL7ELD(3)[6] =KL7EP(4)[7] =KL7EU(3)[6] =KL7EZ(4)[8] =KL7F(4)[7] =KL7FB(4)[7] =KL7FD(5)[8] =KL7FDQ(3)[6] =KL7FHI(4)[8] =KL7FHK(4)[8] =KL7FHX(4)[7] =KL7FIR(3)[6] =KL7FLR(3)[6] =KL7FLY(4)[7] =KL7FO(5)[8] =KL7FOZ(3)[6] =KL7FQR(4)[7] =KL7FRQ(3)[6] =KL7GB(5)[8] =KL7GCS(3)[6] =KL7GF(4)[8] =KL7GKW(3)[6] =KL7GKY(3)[6] =KL7GLK(4)[7] =KL7GLL(5)[8] =KL7GNW(4)[7] =KL7GRF(3)[6] =KL7GT(3)[6] =KL7H(5)[8] =KL7HB(3)[6] =KL7HBV(3)[6] =KL7HF(4)[7] =KL7HFV(3)[6] =KL7HH(4)[7] =KL7HI(3)[6] =KL7HIM(5)[8] =KL7HJR(3)[6] =KL7HJZ(5)[8] =KL7HLF(3)[6] =KL7HM(3)[6] =KL7HMK(3)[6] =KL7HNY(5)[8] =KL7HQL(3)[6] =KL7HQR(3)[6] =KL7HQW(5)[8] =KL7HSG(4)[7] =KL7HSR(3)[6] =KL7HSY(3)[6] =KL7HV(5)[8] =KL7HX(5)[8] =KL7I(5)[8] =KL7IAL(3)[6] =KL7IBV(4)[8] =KL7ID(3)[6] =KL7IDM(4)[7] =KL7IDT(5)[8] =KL7IEI(3)[6] =KL7IEK(5)[8] =KL7IFK(3)[6] =KL7IG(3)[6] =KL7IGB(3)[6] =KL7IIK(3)[6] =KL7IKP(4)[8] =KL7IKR(4)[8] =KL7IKV(3)[6] =KL7IKZ(5)[8] =KL7IL(3)[6] =KL7IME(3)[6] =KL7IOP(5)[8] =KL7IOW(3)[6] =KL7IPS(4)[8] =KL7ISE(3)[6] =KL7ISN(3)[6] =KL7ITF(4)[7] =KL7IUC(4)[8] =KL7IUI(5)[8] =KL7IUQ(5)[8] =KL7IV(5)[8] =KL7IVK(4)[8] =KL7IVY(5)[8] =KL7IWF(5)[8] =KL7IWT(4)[7] =KL7IWU(4)[7] =KL7IXI(4)[7] =KL7IXX(5)[8] =KL7IZC(3)[6] =KL7IZW(4)[7] =KL7JAB(4)[8] =KL7JAR(4)[7] =KL7JAU(5)[8] =KL7JAV(3)[6] =KL7JBE(3)[6] =KL7JCQ(5)[8] =KL7JDQ(3)[6] =KL7JDS(5)[8] =KL7JEA(3)[6] =KL7JEF(5)[8] =KL7JFR(5)[8] =KL7JG(3)[6] =KL7JGS(4)[7] =KL7JHM(5)[8] =KL7JIE(4)[7] =KL7JIJ(3)[6] =KL7JIM(4)[7] =KL7JIU(4)[7] =KL7JJE(3)[6] =KL7JJN(5)[8] =KL7JKC(4)[8] =KL7JKS(3)[6] =KL7JKV(3)[6] =KL7JO(5)[8] =KL7JR(5)[8] =KL7JT(5)[8] =KL7JUL(4)[7] =KL7JW(4)[7] =KL7KA(3)[6] =KL7KF(3)[6] =KL7KTD(3)[6] =KL7KTE(3)[6] =KL7KTF(3)[6] =KL7KTG(3)[6] =KL7KTH(3)[6] =KL7KTI(3)[6] =KL7KTJ(3)[6] =KL7KTK(3)[6] =KL7KTL(3)[6] =KL7KTM(3)[6] =KL7KTN(3)[6] =KL7KTO(3)[6] =KL7KTP(3)[6] =KL7KTQ(3)[6] =KL7KTR(3)[6] =KL7KTS(3)[6] =KL7KTT(3)[6] =KL7KTU(3)[6] =KL7KTV(3)[6] =KL7KTW(3)[6] =KL7KTX(3)[6] =KL7KTY(3)[6] =KL7KTZ(3)[6] =KL7KUA(3)[6] =KL7KUB(3)[6] =KL7KUC(3)[6] =KL7KUD(3)[6] =KL7KUE(3)[6] =KL7KUF(3)[6] =KL7KUG(3)[6] =KL7KUH(3)[6] =KL7KUI(3)[6] =KL7KUJ(3)[6] =KL7KUK(3)[6] =KL7KUL(3)[6] =KL7KUM(3)[6] =KL7KUN(3)[6] =KL7KUO(3)[6] =KL7KUP(3)[6] =KL7KUQ(3)[6] =KL7KUR(3)[6] =KL7KUS(3)[6] =KL7KUT(3)[6] =KL7KUU(3)[6] =KL7KUV(3)[6] =KL7KUW(3)[6] =KL7KUX(4)[7] =KL7KUY(3)[6] =KL7KUZ(3)[6] =KL7KVA(3)[6] =KL7KVB(3)[6] =KL7KVC(3)[6] =KL7KVD(3)[6] =KL7KVE(3)[6] =KL7KVF(3)[6] =KL7KVG(3)[6] =KL7KVH(3)[6] =KL7KVI(3)[6] =KL7KVJ(3)[6] =KL7KVK(3)[6] =KL7KVL(3)[6] =KL7KVM(3)[6] =KL7KVN(3)[6] =KL7KVO(3)[6] =KL7KVP(3)[6] =KL7KVQ(3)[6] =KL7KVR(3)[6] =KL7KVS(3)[6] =KL7KVT(3)[6] =KL7KVU(3)[6] =KL7KVV(3)[6] =KL7KVW(3)[6] =KL7KVY(3)[6] =KL7KVZ(3)[6] =KL7KWA(3)[6] =KL7KX(3)[6] =KL7LG(3)[6] =KL7LH(4)[7] =KL7LI(3)[6] =KL7LJ(4)[7] =KL7LS(5)[8] =KL7LX(3)[6] =KL7LY(4)[7] =KL7LZ(3)[6] =KL7M(3)[6] =KL7MA(4)[7] =KL7MC(3)[6] =KL7ME(4)[7] =KL7MF(3)[6] =KL7MG(4)[7] =KL7MH(4)[7] =KL7MJ(5)[8] =KL7ML(4)[7] =KL7MP(4)[7] =KL7MU(4)[8] =KL7MV(4)[7] =KL7MY(3)[6] =KL7MZ(3)[6] =KL7NA(3)[6] =KL7NCO(5)[8] =KL7NE(4)[7] =KL7NI(4)[7] =KL7NL(5)[8] =KL7NT(5)[8] =KL7NW(4)[7] =KL7OF(3)[6] =KL7OG(4)[8] =KL7OI(4)[7] =KL7OL(3)[6] =KL7OO(5)[8] =KL7OP(3)[6] =KL7OQ(5)[8] =KL7OR(3)[6] =KL7OS(3)[6] =KL7OY(3)[6] =KL7PC(3)[6] =KL7PK(4)[8] =KL7PO(3)[6] =KL7PS(5)[8] =KL7QA(3)[6] =KL7QC(4)[7] =KL7QK(3)[6] =KL7QR(3)[6] =KL7QU(5)[8] =KL7QW(4)[7] =KL7RC(3)[6] =KL7RF(4)[8] =KL7RH(4)[7] =KL7RI(3)[6] =KL7RK(3)[6] =KL7RM(3)[6] =KL7RN(3)[6] =KL7RS(3)[6] =KL7RT(3)[6] =KL7RWS(4)[7] =KL7S(3)[6] =KL7SG(4)[7] =KL7SK(3)[6] =KL7SL(3)[6] =KL7SP(3)[6] =KL7SR(5)[8] =KL7SV(3)[6] =KL7SW(4)[8] =KL7SY(3)[6] =KL7T(3)[6] =KL7TD(4)[8] =KL7TJZ(5)[8] =KL7TU(3)[6] =KL7TZ(5)[8] =KL7U(4)[7] =KL7UL(4)[7] =KL7UP(3)[6] =KL7UT(3)[6] =KL7UV(4)[7] =KL7VK(3)[6] =KL7VL(3)[6] =KL7VN(3)[6] =KL7VO(5)[8] =KL7VP(4)[8] =KL7VQ(3)[6] =KL7VU(3)[6] =KL7WA(5)[8] =KL7WC(3)[6] =KL7WI(4)[8] =KL7WM(3)[6] =KL7WN(3)[6] =KL7WT(3)[6] =KL7WW(4)[8] =KL7XA(4)[7] =KL7XF(4)[7] =KL7XH(4)[7] =KL7XL(3)[6] =KL7XP(4)[7] =KL7XS(4)[7] =KL7YL(4)[7] =KL7YN(5)[8] =KL7YQ(3)[6] =KL7YT(4)[8] =KL7YX(3)[6] =KL7ZD(4)[7] =KL7ZH(3)[6] =KL7ZW(3)[6] =KL8RV(3)[6] =KL8SU(4)[7] =KL8X(4)[8] =KL9A(4)[7] =KL9ER(5)[8] =KL9MEK(4)[8] =KL9PC(3)[6] =KP2AE(5)[8] =KP2AF(5)[8] =KP2AV(5)[8] =KP2BK(3)[6] =KP2BU(5)[8] =KP2BX(4)[7] =KP2CB(3)[6] =KP2CH(5)[8] =KP2CO(4)[8] =KP2CR(5)[8] =KP2CT(3)[6] =KP2HC(5)[8] =KP2L(5)[8] =KP2NP(5)[8] =KP2QL(5)[8] =KP2R(5)[8] =KP2RF(4)[8] =KP2U(5)[8] =KP2US(5)[8] =KP2V(5)[8] =KP2X(4)[7] =KP2XX(4)[8] =KP2Y(4)[7] =KP3AK(5)[8] =KP3AMG(5)[8] =KP3BL(5)[8] =KP3BN(3)[6] =KP3BP(5)[8] =KP3FT(5)[8] =KP3GE(5)[8] =KP3JOS(4)[8] =KP3LM(5)[8] =KP3M(5)[8] =KP3RK(5)[8] =KP3SW(5)[8] =KP3U(5)[8] =KP3Y(5)[8] =KP3YL(3)[6] =KP4AD(5)[8] =KP4AK(5)[8] =KP4AKB(4)[8] =KP4AMC(5)[8] =KP4AMG(5)[8] =KP4AOD(5)[8] =KP4AQI(4)[8] =KP4ATV(4)[7] =KP4AWS(5)[8] =KP4AYI(5)[8] =KP4BBN(5)[8] =KP4BEC(5)[8] =KP4BEP(5)[8] =KP4BLS(5)[8] =KP4BM(5)[8] =KP4BPR(5)[8] =KP4CAM(5)[8] =KP4CBP(5)[8] =KP4CFL(5)[8] =KP4CH(5)[8] =KP4CI(4)[8] =KP4CJ(5)[8] =KP4CML(5)[8] =KP4CSJ(5)[8] =KP4CSZ(5)[8] =KP4CV(4)[7] =KP4CW(5)[8] =KP4CZ(5)[8] =KP4DA(5)[8] =KP4DAC(5)[8] =KP4DDS(5)[8] =KP4DGF(5)[8] =KP4DJT(4)[7] =KP4DPQ(5)[8] =KP4DQS(5)[8] =KP4DSO(3)[6] =KP4E(4)[8] =KP4EDL(5)[8] =KP4EF(5)[8] =KP4EH(5)[8] =KP4EMY(5)[8] =KP4ENK(5)[8] =KP4ENM(3)[6] =KP4EOR(5)[8] =KP4ERR(3)[6] =KP4ERT(5)[8] =KP4FBS(5)[8] =KP4FBT(3)[6] =KP4FC(5)[8] =KP4FCF(5)[8] =KP4FDE(5)[8] =KP4FFO(5)[8] =KP4FFW(5)[8] =KP4FGI(5)[8] =KP4FHA(4)[7] =KP4FIR(5)[8] =KP4FLP(5)[8] =KP4FMD(5)[8] =KP4FOF(5)[8] =KP4G(5)[8] =KP4GMC(4)[7] =KP4GVT(5)[8] =KP4GW(5)[8] =KP4HE(5)[8] =KP4HMR(4)[8] =KP4HN(5)[8] =KP4HR(5)[8] =KP4I(5)[8] =KP4II(5)[8] =KP4IP(5)[8] =KP4IRI(4)[8] =KP4IT(5)[8] =KP4JB(5)[8] =KP4JC(5)[8] =KP4JDR(5)[8] =KP4JE(4)[7] =KP4JEL(4)[8] =KP4JG(4)[7] =KP4JLD(5)[8] =KP4JMP(5)[8] =KP4JOS(5)[8] =KP4JRB(5)[8] =KP4JV(4)[7] =KP4KA(5)[8] =KP4KD(5)[8] =KP4KWB(5)[8] =KP4LEU(5)[8] =KP4LF(5)[8] =KP4LMD(5)[8] =KP4LUV(5)[8] =KP4LX(5)[8] =KP4MA(5)[8] =KP4MAS(4)[8] =KP4MD(3)[6] =KP4MHG(5)[8] =KP4MMG(5)[8] =KP4MPR(5)[8] =KP4MR(5)[8] =KP4MSP(5)[8] =KP4N(5)[8] =KP4NBI(5)[8] =KP4ND(5)[8] =KP4NHN(5)[8] =KP4NI(5)[8] =KP4NKE(4)[8] =KP4NPL(5)[8] =KP4NW(5)[8] =KP4OO(5)[8] =KP4PC(5)[8] =KP4PEC(5)[8] =KP4PF(5)[8] =KP4PM(5)[8] =KP4PRI(5)[8] =KP4Q(5)[8] =KP4QT(5)[8] =KP4R(5)[8] =KP4RCD(5)[8] =KP4REY(5)[8] =KP4RGD(5)[8] =KP4RGT(5)[8] =KP4RMM(5)[8] =KP4ROP(5)[8] =KP4RRC(5)[8] =KP4RT(5)[8] =KP4RX(4)[7] =KP4SV(5)[8] =KP4SWR(5)[8] =KP4TL(5)[8] =KP4TR(5)[8] =KP4UB(3)[6] =KP4UFO(5)[8] =KP4UK(5)[8] =KP4USA(5)[8] =KP4UV(5)[8] =KP4UZ(3)[6] =KP4VMR(5)[8] =KP4VO(5)[8] =KP4VW(5)[8] =KP4VZ(4)[8] =KP4WG(4)[8] =KP4WK(5)[8] =KP4WPD(5)[8] =KP4WR(5)[8] =KP4WW(5)[8] =KP4WY(5)[8] =KP4X(4)[8] =KP4XO(5)[8] =KP4XP(5)[8] =KP4XX(5)[8] =KP4XZ(4)[7] =KP4YH(5)[8] =KP4YLV(5)[8] =KP4YP(4)[7] =KP4YY(4)[7] =KP4ZD(4)[8] =KP4ZEM(5)[8] =KP4ZF(5)[8] =KP4ZG(4)[7] =KP4ZX(5)[8] =NH0AD(3)[6] =NH0C(3)[6] =NH0F(3)[6] =NH0H(5)[8] =NH0K(3)[6] =NH0O(3)[6] =NH0X(3)[6] =NH2A(5)[8] =NH2AR(3)[6] =NH2BD(3)[6] =NH2BV(4)[7] =NH2CM(3)[6] =NH2DB(5)[8] =NH2DC(5)[8] =NH2DM(3)[6] =NH2E(4)[8] =NH2F(5)[8] =NH2FX(3)[6] =NH2H(5)[8] =NH2JE(3)[6] =NH2KM(3)[6] =NH2KR(3)[6] =NH2KW(5)[8] =NH2LA(5)[8] =NH2LH(4)[7] =NH2MS(4)[8] =NH2MW(3)[6] =NH2NG(5)[8] =NH2R(3)[6] =NH2S(3)[6] =NH2W(4)[8] =NH6AC(3)[6] =NH6AD(3)[6] =NH6AE(3)[6] =NH6AF(3)[6] =NH6AJ(3)[6] =NH6AU(5)[8] =NH6AX(5)[8] =NH6AY(3)[6] =NH6AZ(4)[7] =NH6B(3)[6] =NH6BD(4)[8] =NH6BF(3)[6] =NH6BK(5)[8] =NH6BS(5)[8] =NH6CF(4)[7] =NH6DQ(3)[6] =NH6DX(3)[6] =NH6E(5)[8] =NH6EF(4)[7] =NH6EI(5)[8] =NH6EU(4)[7] =NH6FA(4)[7] =NH6FF(3)[6] =NH6FV(3)[6] =NH6FX(3)[6] =NH6G(3)[6] =NH6GE(5)[8] =NH6GR(5)[8] =NH6GZ(3)[6] =NH6HE(3)[6] =NH6HX(5)[8] =NH6HZ(3)[6] =NH6IH(5)[8] =NH6JX(5)[8] =NH6KI(5)[8] =NH6KN(4)[7] =NH6L(4)[7] =NH6LF(3)[6] =NH6LM(3)[6] =NH6LR(4)[7] =NH6NG(3)[6] =NH6NS(3)[6] =NH6PK(4)[7] =NH6QR(5)[8] =NH6R(4)[8] =NH6SF(3)[6] =NH6SM(4)[7] =NH6SO(3)[6] =NH6SR(5)[8] =NH6ST(3)[6] =NH6T(4)[8] =NH6TD(4)[7] =NH6TL(5)[8] =NH6U(3)[6] =NH6VB(4)[7] =NH6VJ(4)[7] =NH6WE(3)[6] =NH6WF(4)[7] =NH6WL(4)[7] =NH6WR(3)[6] =NH6XN(4)[7] =NH6XW(5)[8] =NH6YE(5)[8] =NH6YR(3)[6] =NH6Z(3)[6] =NH6ZA(3)[6] =NH6ZE(3)[6] =NH7A(3)[6] =NH7AG(3)[6] =NH7AQ(5)[8] =NH7AR(5)[8] =NH7B(3)[6] =NH7C(5)[8] =NH7CC(5)[8] =NH7CY(4)[7] =NH7DZ(3)[6] =NH7EM(3)[6] =NH7FG(5)[8] =NH7FI(4)[7] =NH7FO(4)[7] =NH7FS(3)[6] =NH7FU(5)[8] =NH7FW(3)[6] =NH7G(3)[6] =NH7H(4)[8] =NH7IE(4)[8] =NH7IG(3)[6] =NH7IH(3)[6] =NH7JL(3)[6] =NH7L(4)[7] =NH7LZ(3)[6] =NH7M(3)[6] =NH7MA(3)[6] =NH7MV(4)[7] =NH7MY(3)[6] =NH7N(3)[6] =NH7NA(5)[8] =NH7ND(3)[6] =NH7NW(3)[6] =NH7OC(3)[6] =NH7OI(5)[8] =NH7OL(3)[6] =NH7P(5)[8] =NH7PL(3)[6] =NH7PM(3)[6] =NH7PT(5)[8] =NH7PZ(4)[7] =NH7Q(3)[6] =NH7QV(3)[6] =NH7R(4)[7] =NH7RE(4)[8] =NH7RO(4)[7] =NH7RT(3)[6] =NH7S(3)[6] =NH7SH(3)[6] =NH7SR(3)[6] =NH7ST(3)[6] =NH7SU(3)[6] =NH7TK(4)[8] =NH7TN(5)[8] =NH7TR(4)[7] =NH7TV(5)[8] =NH7UN(5)[8] =NH7VA(4)[7] =NH7VG(4)[7] =NH7W(3)[6] =NH7WC(3)[6] =NH7WE(3)[6] =NH7WG(3)[6] =NH7WT(3)[6] =NH7WU(3)[6] =NH7XJ(5)[8] =NH7XM(4)[7] =NH7XN(5)[8] =NH7YE(3)[6] =NH7YI(3)[6] =NH7YK(5)[8] =NH7ZE(3)[6] =NH7ZH(4)[7] =NH8A(3)[6] =NL4T(4)[8] =NL5L(4)[7] =NL7AH(3)[6] =NL7AK(5)[8] =NL7AR(3)[6] =NL7AS(4)[7] =NL7AX(4)[7] =NL7AZ(3)[6] =NL7BI(3)[6] =NL7BU(4)[7] =NL7BV(5)[8] =NL7C(4)[7] =NL7CC(5)[8] =NL7CF(4)[8] =NL7CH(3)[6] =NL7CK(5)[8] =NL7CM(4)[8] =NL7CQ(4)[7] =NL7D(3)[6] =NL7DC(3)[6] =NL7DH(3)[6] =NL7DY(3)[6] =NL7EO(3)[6] =NL7FC(5)[8] =NL7FF(4)[7] =NL7FJ(5)[8] =NL7FK(4)[8] =NL7FQ(3)[6] =NL7FU(4)[7] =NL7FX(3)[6] =NL7FY(3)[6] =NL7GE(3)[6] =NL7GM(3)[6] =NL7GN(3)[6] =NL7GO(3)[6] =NL7GU(3)[6] =NL7GW(3)[6] =NL7HB(4)[7] =NL7HK(3)[6] =NL7HQ(3)[6] =NL7HU(3)[6] =NL7IB(3)[6] =NL7IE(4)[7] =NL7IH(4)[7] =NL7IN(4)[7] =NL7JE(3)[6] =NL7JH(4)[7] =NL7JJ(3)[6] =NL7JN(3)[6] =NL7JV(4)[7] =NL7JY(5)[8] =NL7KB(4)[7] =NL7KD(4)[8] =NL7KL(5)[8] =NL7KV(3)[6] =NL7KX(5)[8] =NL7LC(3)[6] =NL7LE(4)[7] =NL7LO(5)[8] =NL7LR(5)[8] =NL7LY(5)[8] =NL7MD(5)[8] =NL7MO(5)[8] =NL7MR(5)[8] =NL7MS(3)[6] =NL7MT(3)[6] =NL7MW(4)[7] =NL7NJ(5)[8] =NL7NL(3)[6] =NL7NV(4)[7] =NL7OB(5)[8] =NL7OE(4)[8] =NL7OF(3)[6] =NL7OM(4)[7] =NL7OP(3)[6] =NL7OS(5)[8] =NL7OT(5)[8] =NL7P(5)[8] =NL7PD(4)[7] =NL7PJ(5)[8] =NL7PN(3)[6] =NL7QC(4)[8] =NL7QF(3)[6] =NL7QI(3)[6] =NL7RC(4)[8] =NL7RL(3)[6] =NL7RN(3)[6] =NL7RO(3)[6] =NL7RQ(4)[7] =NL7SB(4)[7] =NL7SG(3)[6] =NL7SH(5)[8] =NL7SI(4)[7] =NL7SR(3)[6] =NL7SX(3)[6] =NL7T(4)[7] =NL7TK(3)[6] =NL7TO(4)[7] =NL7TP(3)[6] =NL7U(5)[8] =NL7UE(3)[6] =NL7UH(4)[8] =NL7UI(4)[7] =NL7UJ(4)[7] =NL7UP(5)[8] =NL7VL(3)[6] =NL7VP(5)[8] =NL7VR(5)[8] =NL7VS(3)[6] =NL7VV(5)[8] =NL7VX(5)[8] =NL7WA(5)[8] =NL7WJ(3)[6] =NL7WM(5)[8] =NL7WY(4)[7] =NL7XM(5)[8] =NL7XM/B(5)[8] =NL7XT(4)[8] =NL7XU(4)[7] =NL7XX(3)[6] =NL7YI(4)[8] =NL7YU(4)[8] =NL7YY(4)[7] =NL7YZ(5)[8] =NL7ZF(3)[6] =NL7ZG(4)[7] =NL7ZM(3)[6] =NL7ZN(3)[6] =NL7ZP(3)[6] =NL7ZZ(4)[7] =NL9H(5)[8] =NP2AK(4)[8] =NP2AU(3)[6] =NP2AV(4)[8] =NP2B(5)[8] =NP2BB(5)[8] =NP2BW(5)[8] =NP2CB(5)[8] =NP2CC(5)[8] =NP2CT(3)[6] =NP2D(5)[8] =NP2DB(5)[8] =NP2DJ(5)[8] =NP2DK(4)[8] =NP2DW(4)[8] =NP2E(4)[7] =NP2EI(5)[8] =NP2EM(4)[7] =NP2F(4)[8] =NP2FJ(5)[8] =NP2FT(5)[8] =NP2FZ(5)[8] =NP2G(5)[8] =NP2GA(4)[7] =NP2GG(5)[8] =NP2GI(5)[8] =NP2GM(4)[8] =NP2GW(5)[8] =NP2HQ(5)[8] =NP2HS(5)[8] =NP2HW(5)[8] =NP2I(4)[8] =NP2IE(5)[8] =NP2IF(5)[8] =NP2IJ(5)[8] =NP2IS(5)[8] =NP2IW(5)[8] =NP2IX(5)[8] =NP2JA(5)[8] =NP2JS(5)[8] =NP2JV(5)[8] =NP2KL(3)[6] =NP2KM(5)[8] =NP2KS(4)[8] =NP2KY(3)[6] =NP2L(5)[8] =NP2LC(5)[8] =NP2LK(3)[6] =NP2LW(3)[6] =NP2MM(5)[8] =NP2MN(5)[8] =NP2MP(5)[8] =NP2MR(5)[8] =NP2MU(4)[8] =NP2NC(5)[8] =NP2O(5)[8] =NP2OL(5)[8] =NP2OO(5)[8] =NP2OR(5)[8] =NP2PA(5)[8] =NP2PC(4)[8] =NP2PN(5)[8] =NP2PR(4)[7] =NP2R(5)[8] =NP2RA(4)[7] =NP2T(5)[8] =NP2W(5)[8] =NP2WJ(4)[8] =NP3AX(5)[8] =NP3BL(5)[8] =NP3C(5)[8] =NP3CM(5)[8] =NP3CT(5)[8] =NP3CV(4)[7] =NP3E(5)[8] =NP3ES(5)[8] =NP3EU(5)[8] =NP3FB(4)[8] =NP3FR(5)[8] =NP3FS(5)[8] =NP3G(5)[8] =NP3HD(5)[8] =NP3HN(5)[8] =NP3IL(5)[8] =NP3IP(5)[8] =NP3IU(5)[8] =NP3IV(5)[8] =NP3K(5)[8] =NP3KH(5)[8] =NP3KM(5)[8] =NP3KP(5)[8] =NP3LN(5)[8] =NP3MM(5)[8] =NP3NA(4)[8] =NP3NC(5)[8] =NP3NT(4)[7] =NP3OW(5)[8] =NP3PH(3)[6] =NP3QT(5)[8] =NP3R(5)[8] =NP3ST(5)[8] =NP3TM(5)[8] =NP3UM(5)[8] =NP3VH(5)[8] =NP3VJ(5)[8] =NP3WX(5)[8] =NP3XP(4)[7] =NP3XW(5)[8] =NP3YN(5)[8] =NP4AB(3)[6] =NP4AC(4)[8] =NP4AI(4)[7] =NP4AO(5)[8] =NP4AS(5)[8] =NP4AV(5)[8] =NP4AZ(5)[8] =NP4CC(5)[8] =NP4CK(5)[8] =NP4CV(5)[8] =NP4DM(5)[8] =NP4EA(4)[7] =NP4EM(5)[8] =NP4ER(5)[8] =NP4ES(3)[6] =NP4FP(3)[6] =NP4GH(5)[8] =NP4H(5)[8] =NP4I(3)[6] =NP4IR(5)[8] =NP4IT(5)[8] =NP4IW(3)[6] =NP4J(5)[8] =NP4JL(5)[8] =NP4JQ(5)[8] =NP4JU(5)[8] =NP4M(5)[8] =NP4ND(5)[8] =NP4NQ(4)[7] =NP4PF(5)[8] =NP4RH(5)[8] =NP4RJ(5)[8] =NP4RW(4)[7] =NP4RZ(4)[7] =NP4SY(5)[8] =NP4TR(5)[8] =NP4WB(5)[8] =NP4WT(5)[8] =NP4XE(3)[6] =NP4YZ(5)[8] =NP4ZC(5)[8] =NP4ZI(4)[8] =WH0AAM(3)[6] =WH0AAZ(3)[6] =WH0AI(4)[8] =WH0EWX(5)[8] =WH0JA(3)[6] =WH0M(3)[6] =WH0VL(5)[8] =WH0W(5)[8] =WH2AAT(5)[8] =WH2ABJ(5)[8] =WH2ABS(3)[6] =WH2ACV(3)[6] =WH2AJF(3)[6] =WH2ALN(3)[6] =WH2B(5)[8] =WH2C(5)[8] =WH2G(5)[8] =WH2M(4)[7] =WH2S(4)[7] =WH2T(4)[8] =WH2U(4)[8] =WH2Z(4)[7] =WH6A(5)[8] =WH6AAJ(3)[6] =WH6ACF(5)[8] =WH6ADS(5)[8] =WH6AFM(3)[6] =WH6AJS(5)[8] =WH6AKZ(4)[7] =WH6AM(4)[8] =WH6ANA(3)[6] =WH6ANB(3)[6] =WH6ANH(4)[7] =WH6ARN(4)[7] =WH6ARU(3)[6] =WH6ASB(3)[6] =WH6AUL(4)[8] =WH6AVU(5)[8] =WH6AWO(3)[6] =WH6AX(5)[8] =WH6AZN(5)[8] =WH6B(3)[6] =WH6BB(4)[7] =WH6BCB(4)[8] =WH6BDR(3)[6] =WH6BLM(3)[6] =WH6BLT(4)[7] =WH6BPL(3)[6] =WH6BPU(3)[6] =WH6BRQ(5)[8] =WH6BSZ(4)[7] =WH6BUL(4)[7] =WH6BXD(4)[7] =WH6BYJ(4)[7] =WH6BYP(4)[7] =WH6BYT(3)[6] =WH6CCC(3)[6] =WH6CCQ(4)[7] =WH6CDU(4)[8] =WH6CE(5)[8] =WH6CEF(5)[8] =WH6CF(3)[6] =WH6CFK(3)[6] =WH6CIL(3)[6] =WH6CK(3)[6] =WH6CKR(3)[6] =WH6CMS(3)[6] =WH6CN(3)[6] =WH6CNC(5)[8] =WH6CO(3)[6] =WH6COM(4)[7] =WH6CPO(3)[6] =WH6CPT(3)[6] =WH6CRE(3)[6] =WH6CT(5)[8] =WH6CTO(5)[8] =WH6CTU(4)[7] =WH6CUE(4)[7] =WH6CUF(3)[6] =WH6CUL(4)[7] =WH6CUS(3)[6] =WH6CUU(3)[6] =WH6CUX(3)[6] =WH6CVJ(3)[6] =WH6CWD(3)[6] =WH6CWS(3)[6] =WH6CXA(5)[8] =WH6CXB(3)[6] =WH6CXE(3)[6] =WH6CXT(5)[8] =WH6CYB(3)[6] =WH6CYR(4)[8] =WH6CZ(3)[6] =WH6CZF(3)[6] =WH6CZH(3)[6] =WH6CZI(4)[7] =WH6CZU(4)[7] =WH6DAP(3)[6] =WH6DAY(3)[6] =WH6DBX(5)[8] =WH6DCJ(4)[7] =WH6DD(3)[6] =WH6DHN(3)[6] =WH6DJO(3)[6] =WH6DKC(3)[6] =WH6DKG(3)[6] =WH6DKO(3)[6] =WH6DLQ(3)[6] =WH6DM(4)[8] =WH6DMJ(5)[8] =WH6DMP(4)[7] =WH6DMS(3)[6] =WH6DNF(5)[8] =WH6DOA(5)[8] =WH6DOC(3)[6] =WH6DOL(5)[8] =WH6DPA(3)[6] =WH6DQ(3)[6] =WH6DR(3)[6] =WH6DRP(3)[6] =WH6DSK(3)[6] =WH6DSN(5)[8] =WH6DSR(4)[7] =WH6DST(3)[6] =WH6DTH(3)[6] =WH6DUJ(5)[8] =WH6DUV(4)[7] =WH6DVM(3)[6] =WH6DVN(3)[6] =WH6DVO(4)[8] =WH6DWI(3)[6] =WH6DWQ(3)[6] =WH6DWR(3)[6] =WH6DXA(4)[7] =WH6DXJ(3)[6] =WH6DXK(3)[6] =WH6DXT(5)[8] =WH6DYA(3)[6] =WH6DYV(5)[8] =WH6DYX(4)[7] =WH6DYY(4)[7] =WH6DZ(5)[8] =WH6DZU(4)[7] =WH6DZV(3)[6] =WH6DZY(3)[6] =WH6E(4)[8] =WH6EAA(4)[7] =WH6EAE(4)[7] =WH6EBA(4)[8] =WH6EBH(3)[6] =WH6EBX(4)[7] =WH6ECJ(4)[7] =WH6ECO(5)[8] =WH6ECQ(5)[8] =WH6EDP(3)[6] =WH6EEC(3)[6] =WH6EEG(3)[6] =WH6EEL(5)[8] =WH6EEN(5)[8] =WH6EEZ(3)[6] =WH6EFI(5)[8] =WH6EFX(5)[8] =WH6EFY(5)[8] =WH6EGM(3)[6] =WH6EHT(5)[8] =WH6EHW(3)[6] =WH6EHY(3)[6] =WH6EI(5)[8] =WH6EIJ(5)[8] =WH6EIK(5)[8] =WH6EIN(4)[7] =WH6EIQ(5)[8] =WH6EJD(4)[8] =WH6EJV(3)[6] =WH6EKB(3)[6] =WH6EKI(4)[7] =WH6EKV(5)[8] =WH6EKW(5)[8] =WH6ELG(5)[8] =WH6ELM(5)[8] =WH6EMF(4)[8] =WH6ENG(3)[6] =WH6ENX(4)[7] =WH6EOF(4)[7] =WH6EOG(4)[8] =WH6EQB(3)[6] =WH6EQE(3)[6] =WH6EQH(3)[6] =WH6EQW(4)[8] =WH6ERQ(4)[8] =WH6ERS(4)[7] =WH6ESS(3)[6] =WH6ETF(5)[8] =WH6ETO(3)[6] =WH6ETU(4)[7] =WH6EUA(4)[7] =WH6EVP(4)[7] =WH6EWB(4)[8] =WH6EWC(3)[6] =WH6EWE(3)[6] =WH6EXQ(4)[7] =WH6EZW(3)[6] =WH6FAD(4)[7] =WH6FBA(4)[8] =WH6FBM(4)[7] =WH6FCP(5)[8] =WH6FCT(3)[6] =WH6FEJ(4)[8] =WH6FEU(3)[6] =WH6FGK(4)[7] =WH6FGM(4)[7] =WH6FIR(4)[8] =WH6FJR(3)[6] =WH6FL(3)[6] =WH6FOJ(3)[6] =WH6FPR(3)[6] =WH6FPS(5)[8] =WH6FPV(3)[6] =WH6FQ(3)[6] =WH6FQG(3)[6] =WH6FQH(3)[6] =WH6FQK(3)[6] =WH6FRH(5)[8] =WH6FTF(3)[6] =WH6FTO(3)[6] =WH6FTZ(4)[7] =WH6FV(3)[6] =WH6FWD(4)[7] =WH6FZL(3)[6] =WH6FZN(4)[7] =WH6FZY(3)[6] =WH6GBC(3)[6] =WH6GDA(3)[6] =WH6GEA(4)[7] =WH6GEZ(3)[6] =WH6GG(4)[7] =WH6GHO(5)[8] =WH6GID(3)[6] =WH6GJD(5)[8] =WH6GJI(3)[6] =WH6GKR(4)[7] =WH6GL(4)[7] =WH6GMZ(5)[8] =WH6GNA(4)[7] =WH6GOZ(4)[7] =WH6GQ(3)[6] =WH6GRE(4)[7] =WH6GSY(5)[8] =WH6GTV(4)[7] =WH6GV(5)[8] =WH6HA(5)[8] =WH6HQ(3)[6] =WH6IF(5)[8] =WH6IO(5)[8] =WH6IW(3)[6] =WH6IZ(5)[8] =WH6J(5)[8] =WH6JO(3)[6] =WH6JQ(5)[8] =WH6JV(5)[8] =WH6KK(4)[7] =WH6KN(4)[8] =WH6L(5)[8] =WH6LAK(4)[8] =WH6LE(5)[8] =WH6LZ(3)[6] =WH6MA(4)[8] =WH6MS(4)[7] =WH6NE(5)[8] =WH6NU(5)[8] =WH6O(5)[8] =WH6OB(5)[8] =WH6OQ(3)[6] =WH6OR(4)[8] =WH6OY(3)[6] =WH6PX(3)[6] =WH6QA(3)[6] =WH6QS(4)[7] =WH6QV(3)[6] =WH6RF(3)[6] =WH6RN(5)[8] =WH6RU(3)[6] =WH6SB(4)[8] =WH6SD(3)[6] =WH6SKY(5)[8] =WH6SR(3)[6] =WH6SW(5)[8] =WH6TB(4)[8] =WH6TI(3)[6] =WH6TK(3)[6] =WH6U(3)[6] =WH6UO(5)[8] =WH6USA(3)[6] =WH6VM(3)[6] =WH6VN(3)[6] =WH6VR(3)[6] =WH6WB(3)[6] =WH6WX(5)[8] =WH6XI(3)[6] =WH6XV(3)[6] =WH6XX(3)[6] =WH6YM(5)[8] =WH6YX(3)[6] =WH6ZF(5)[8] =WH6ZR(3)[6] =WH6ZV(3)[6] =WH7A(3)[6] =WH7CY(3)[6] =WH7DA(3)[6] =WH7DB(3)[6] =WH7DE(3)[6] =WH7DG(3)[6] =WH7DH(3)[6] =WH7DW(4)[7] =WH7F(5)[8] =WH7G(3)[6] =WH7GC(3)[6] =WH7GD(5)[8] =WH7GY(3)[6] =WH7HQ(3)[6] =WH7HU(3)[6] =WH7HX(5)[8] =WH7IN(4)[7] =WH7IR(4)[7] =WH7IV(3)[6] =WH7IZ(3)[6] =WH7L(3)[6] =WH7LB(3)[6] =WH7LP(3)[6] =WH7MZ(4)[7] =WH7NI(5)[8] =WH7NS(3)[6] =WH7OK(3)[6] =WH7OO(3)[6] =WH7P(3)[6] =WH7PM(3)[6] =WH7PV(3)[6] =WH7QC(3)[6] =WH7R(4)[7] =WH7RG(3)[6] =WH7RU(3)[6] =WH7TC(3)[6] =WH7TK(4)[8] =WH7TN(3)[6] =WH7TP(5)[8] =WH7TR(3)[6] =WH7TT(3)[6] =WH7TY(3)[6] =WH7UP(3)[6] =WH7UZ(3)[6] =WH7VM(3)[6] =WH7VU(3)[6] =WH7WP(3)[6] =WH7WT(3)[6] =WH7XK(5)[8] =WH7XO(4)[7] =WH7XP(3)[6] =WH7XR(3)[6] =WH7XU(5)[8] =WH7YL(5)[8] =WH7YM(4)[7] =WH7YN(4)[7] =WH7YQ(5)[8] =WH7YR(5)[8] =WH7YV(5)[8] =WH7ZP(3)[6] =WH7ZS(5)[8] =WH8AAG(3)[6] =WH9AAF(5)[8] =WH9AAH(4)[7] =WL0JF(4)[7] =WL0L(3)[6] =WL1M(3)[6] =WL1ON(4)[7] =WL2NAS(5)[8] =WL3WX(4)[7] =WL4B(4)[8] =WL4JC(3)[6] =WL4JD(4)[8] =WL4X(5)[8] =WL5H(4)[7] =WL7A(4)[7] =WL7AAW(3)[6] =WL7ACO(3)[6] =WL7AEC(4)[7] =WL7AF(5)[8] =WL7AGO(4)[8] =WL7AHP(4)[8] =WL7AIT(4)[8] =WL7AIU(4)[7] =WL7AJA(4)[7] =WL7AL(3)[6] =WL7AM(4)[8] =WL7ANY(4)[7] =WL7AO(3)[6] =WL7AQ(3)[6] =WL7AS(4)[7] =WL7AT(4)[7] =WL7ATK(4)[7] =WL7AUL(5)[8] =WL7AUY(3)[6] =WL7AWC(4)[7] =WL7AWD(3)[6] =WL7AX(5)[8] =WL7AXI(3)[6] =WL7AZG(3)[6] =WL7AZL(3)[6] =WL7B(5)[8] =WL7BA(3)[6] =WL7BBV(4)[7] =WL7BCR(3)[6] =WL7BEV(4)[8] =WL7BGF(3)[6] =WL7BHI(4)[8] =WL7BHJ(4)[8] =WL7BHR(3)[6] =WL7BKF(4)[7] =WL7BKR(4)[8] =WL7BLM(3)[6] =WL7BM(3)[6] =WL7BNQ(3)[6] =WL7BON(3)[6] =WL7BOO(3)[6] =WL7BPY(4)[7] =WL7BRV(4)[7] =WL7BSW(3)[6] =WL7BSZ(4)[8] =WL7BT(4)[7] =WL7BUI(3)[6] =WL7BVN(3)[6] =WL7BVS(3)[6] =WL7BZ(4)[7] =WL7C(4)[8] =WL7CAZ(3)[6] =WL7CC(5)[8] =WL7CES(3)[6] =WL7CFM(4)[8] =WL7CGU(4)[8] =WL7CHA(5)[8] =WL7CIB(5)[8] =WL7CJA(4)[7] =WL7CKJ(5)[8] =WL7CL(4)[8] =WL7CLI(4)[7] =WL7CMV(4)[8] =WL7COL(5)[8] =WL7COQ(3)[6] =WL7CPA(5)[8] =WL7CPE(3)[6] =WL7CPI(3)[6] =WL7CPL(3)[6] =WL7CQE(4)[7] =WL7CQF(4)[7] =WL7CQH(4)[8] =WL7CQK(4)[8] =WL7CQT(5)[8] =WL7CRJ(3)[6] =WL7CRT(4)[7] =WL7CSD(3)[6] =WL7CSL(3)[6] =WL7CTA(4)[8] =WL7CTB(3)[6] =WL7CTC(3)[6] =WL7CTE(3)[6] =WL7CTP(4)[7] =WL7CTQ(4)[7] =WL7CUY(5)[8] =WL7CVD(5)[8] =WL7D(4)[7] =WL7DD(3)[6] =WL7DO(4)[8] =WL7DW(5)[8] =WL7EA(3)[6] =WL7EKK(3)[6] =WL7FC(4)[7] =WL7FE(4)[7] =WL7FI(4)[7] =WL7FJ(4)[8] =WL7FR(3)[6] =WL7FU(3)[6] =WL7GV(5)[8] =WL7H(3)[6] =WL7HC(4)[8] =WL7HE(3)[6] =WL7HK(3)[6] =WL7HL(3)[6] =WL7I(4)[7] =WL7IG(5)[8] =WL7IO(5)[8] =WL7IP(4)[8] =WL7IQ(3)[6] =WL7IS(3)[6] =WL7JAN(4)[8] =WL7JB(4)[7] =WL7JE(5)[8] =WL7JG(3)[6] =WL7JM(3)[6] =WL7K(3)[6] =WL7KM(4)[7] =WL7LB(3)[6] =WL7LK(3)[6] =WL7LZ(4)[7] =WL7MA(3)[6] =WL7ME(4)[7] =WL7NP(4)[8] =WL7OA(3)[6] =WL7OG(5)[8] =WL7OP(4)[7] =WL7OS(4)[8] =WL7OT(4)[8] =WL7OU(4)[7] =WL7P(3)[6] =WL7PJ(3)[6] =WL7QC(3)[6] =WL7QX(3)[6] =WL7RA(3)[6] =WL7RV(4)[7] =WL7SD(3)[6] =WL7SF(4)[8] =WL7SG(4)[7] =WL7SO(3)[6] =WL7SR(5)[8] =WL7SV(3)[6] =WL7TD(4)[8] =WL7TG(3)[6] =WL7U(4)[8] =WL7UN(5)[8] =WL7US(3)[6] =WL7UU(4)[8] =WL7VC(5)[8] =WL7VK(3)[6] =WL7VV(3)[6] =WL7W(4)[7] =WL7WB(3)[6] =WL7WF(3)[6] =WL7WG(3)[6] =WL7WK(3)[6] =WL7WL(3)[6] =WL7WM(3)[6] =WL7WN(4)[7] =WL7WU(3)[6] =WL7XE(3)[6] =WL7XI(4)[7] =WL7XJ(3)[6] =WL7XN(3)[6] =WL7XR(4)[7] =WL7XW(3)[6] =WL7XZ(4)[8] =WL7YM(4)[7] =WL7YQ(4)[7] =WL7YX(5)[8] =WL7Z(3)[6] =WL7ZM(3)[6] =WL9N(4)[8] =WP2AAO(5)[8] =WP2AAT(3)[6] =WP2ADG(3)[6] =WP2AFZ(5)[8] =WP2AGD(5)[8] =WP2AGO(5)[8] =WP2AGY(5)[8] =WP2AHC(5)[8] =WP2AHG(4)[7] =WP2AHH(4)[7] =WP2AIL(5)[8] =WP2C(5)[8] =WP2FLY(5)[8] =WP2J(5)[8] =WP2L(5)[8] =WP2MA(5)[8] =WP2MG(5)[8] =WP2N(4)[7] =WP2P(5)[8] =WP2Q(3)[6] =WP2U(4)[7] =WP2WP(4)[7] =WP3AC(5)[8] =WP3AL(4)[7] =WP3AY(5)[8] =WP3BC(5)[8] =WP3BX(5)[8] =WP3CC(5)[8] =WP3D(5)[8] =WP3DW(5)[8] =WP3EC(5)[8] =WP3FK(5)[8] =WP3GN(5)[8] =WP3HG(4)[7] =WP3HL(5)[8] =WP3IK(4)[8] =WP3IM(5)[8] =WP3JE(5)[8] =WP3JM(5)[8] =WP3JN(4)[7] =WP3JU(5)[8] =WP3K(5)[8] =WP3KE(5)[8] =WP3KU(4)[8] =WP3LE(5)[8] =WP3MB(5)[8] =WP3MD(5)[8] =WP3NN(5)[8] =WP3O(5)[8] =WP3OG(4)[8] =WP3OV(3)[6] =WP3PF(5)[8] =WP3PM(4)[8] =WP3PW(5)[8] =WP3QE(5)[8] =WP3QH(4)[7] =WP3QV(5)[8] =WP3RG(5)[8] =WP3ST(5)[8] =WP3TQ(5)[8] =WP3U(5)[8] =WP3VU(5)[8] =WP3WE(5)[8] =WP3WV(5)[8] =WP3WZ(5)[8] =WP3ZA(5)[8] =WP3ZL(5)[8] =WP3ZO(3)[6] =WP4A(4)[7] =WP4ADA(4)[7] =WP4ADN(4)[8] =WP4AIE(5)[8] =WP4AIL(5)[8] =WP4AIZ(5)[8] =WP4AKE(5)[8] =WP4ALH(5)[8] =WP4AMQ(5)[8] =WP4APJ(4)[7] =WP4AZJ(5)[8] =WP4B(5)[8] =WP4BAB(4)[7] =WP4BAT(4)[7] =WP4BC(5)[8] =WP4BF(5)[8] =WP4BFP(5)[8] =WP4BGM(5)[8] =WP4BIN(5)[8] =WP4BJS(5)[8] =WP4BK(5)[8] =WP4BMU(5)[8] =WP4BNI(5)[8] =WP4BOC(5)[8] =WP4BQV(5)[8] =WP4BTQ(4)[7] =WP4BZ(5)[8] =WP4BZG(5)[8] =WP4CB(5)[8] =WP4CG(5)[8] =WP4CGI(5)[8] =WP4CJH(5)[8] =WP4CJY(4)[7] =WP4CKW(5)[8] =WP4CLS(5)[8] =WP4CMH(5)[8] =WP4CNA(4)[8] =WP4CPR(5)[8] =WP4CWE(4)[8] =WP4DC(5)[8] =WP4DCB(5)[8] =WP4DCK(5)[8] =WP4DME(5)[8] =WP4DMV(5)[8] =WP4DNE(5)[8] =WP4DPX(5)[8] =WP4DWH(5)[8] =WP4DYP(3)[6] =WP4EDM(5)[8] =WP4ENX(5)[8] =WP4EVA(4)[7] =WP4EVL(4)[7] =WP4EXH(5)[8] =WP4EYW(5)[8] =WP4FEI(5)[8] =WP4FKH(5)[8] =WP4FRK(5)[8] =WP4FS(5)[8] =WP4GAK(5)[8] =WP4GFH(5)[8] =WP4GJL(5)[8] =WP4GQR(4)[7] =WP4GX(5)[8] =WP4GYA(5)[8] =WP4HFZ(5)[8] =WP4HNF(3)[6] =WP4HNN(5)[8] =WP4HOX(5)[8] =WP4HRK(5)[8] =WP4HSQ(4)[8] =WP4HSZ(5)[8] =WP4HXS(5)[8] =WP4IER(3)[6] =WP4IF(5)[8] =WP4IJK(4)[8] =WP4IK(5)[8] =WP4ILP(5)[8] =WP4IVW(5)[8] =WP4IXT(4)[7] =WP4IYE(5)[8] =WP4IYJ(4)[7] =WP4JC(5)[8] =WP4JF(5)[8] =WP4JKO(5)[8] =WP4JMV(5)[8] =WP4JNB(5)[8] =WP4JOH(5)[8] =WP4JQJ(5)[8] =WP4JSR(5)[8] =WP4JSV(5)[8] =WP4JT(5)[8] =WP4JVV(4)[8] =WP4KAY(5)[8] =WP4KBX(5)[8] =WP4KCJ(5)[8] =WP4KDH(5)[8] =WP4KEK(3)[6] =WP4KFP(5)[8] =WP4KGE(5)[8] =WP4KGI(5)[8] =WP4KHN(5)[8] =WP4KI(5)[8] =WP4KJR(5)[8] =WP4KJV(5)[8] =WP4KKX(5)[8] =WP4KPK(5)[8] =WP4KQ(5)[8] =WP4KRZ(5)[8] =WP4KSP(4)[7] =WP4KSU(3)[6] =WP4KTF(4)[7] =WP4KTU(5)[8] =WP4KXP(5)[8] =WP4KXX(5)[8] =WP4KYC(5)[8] =WP4KZZ(5)[8] =WP4LBK(5)[8] =WP4LC(4)[7] =WP4LDG(5)[8] =WP4LDL(5)[8] =WP4LDP(5)[8] =WP4LE(5)[8] =WP4LEO(5)[8] =WP4LEY(4)[7] =WP4LFO(5)[8] =WP4LHA(5)[8] =WP4LLB(5)[8] =WP4LNP(5)[8] =WP4LSQ(4)[8] =WP4LTA(5)[8] =WP4LYI(5)[8] =WP4MD(5)[8] =WP4MJP(4)[7] =WP4MJX(5)[8] =WP4MKJ(5)[8] =WP4MMV(5)[8] =WP4MNV(5)[8] =WP4MO(5)[8] =WP4MOC(5)[8] =WP4MQF(5)[8] =WP4MQX(4)[8] =WP4MSD(4)[8] =WP4MSX(5)[8] =WP4MTN(4)[8] =WP4MUJ(5)[8] =WP4MVE(3)[6] =WP4MVQ(4)[8] =WP4MVV(4)[7] =WP4MWB(4)[8] =WP4MWE(5)[8] =WP4MWS(5)[8] =WP4MXE(5)[8] =WP4MYG(5)[8] =WP4MYI(4)[7] =WP4MYK(5)[8] =WP4MYL(4)[8] =WP4MYM(5)[8] =WP4MYN(5)[8] =WP4NAE(4)[8] =WP4NAI(5)[8] =WP4NAK(4)[7] =WP4NAQ(5)[8] =WP4NBF(5)[8] =WP4NBG(5)[8] =WP4NBP(3)[6] =WP4NBS(5)[8] =WP4NKU(5)[8] =WP4NKW(5)[8] =WP4NPV(4)[7] =WP4NQL(4)[7] =WP4NUV(5)[8] =WP4NVL(5)[8] =WP4NWV(5)[8] =WP4NWW(5)[8] =WP4NXG(5)[8] =WP4NYQ(4)[8] =WP4NYT(5)[8] =WP4NYU(5)[8] =WP4NYY(5)[8] =WP4NZF(5)[8] =WP4OAT(5)[8] =WP4OBC(3)[6] =WP4OBD(5)[8] =WP4OBH(5)[8] =WP4OCO(5)[8] =WP4OCZ(4)[8] =WP4ODR(5)[8] =WP4ODT(5)[8] =WP4OEO(5)[8] =WP4OFA(5)[8] =WP4OFH(4)[7] =WP4OFL(5)[8] =WP4OHJ(5)[8] =WP4OJK(5)[8] =WP4OJU(5)[8] =WP4OKB(5)[8] =WP4OKI(5)[8] =WP4OLM(5)[8] =WP4OMG(5)[8] =WP4OMV(5)[8] =WP4ONR(5)[8] =WP4OOI(5)[8] =WP4OPD(5)[8] =WP4OPF(5)[8] =WP4OPY(5)[8] =WP4OQH(5)[8] =WP4OSB(5)[8] =WP4OTP(5)[8] =WP4OUE(4)[7] =WP4OXA(5)[8] =WP4OZK(4)[7] =WP4OZP(4)[7] =WP4P(5)[8] =WP4PEP(5)[8] =WP4PJE(5)[8] =WP4PLR(4)[8] =WP4PPH(5)[8] =WP4PR(5)[8] =WP4PRA(5)[8] =WP4PRV(5)[8] =WP4PUR(5)[8] =WP4PUV(5)[8] =WP4PWS(3)[6] =WP4PWV(5)[8] =WP4PXG(5)[8] =WP4PYL(5)[8] =WP4PYM(5)[8] =WP4PYU(5)[8] =WP4PYV(5)[8] =WP4PYZ(5)[8] =WP4PZA(5)[8] =WP4QER(5)[8] =WP4QGV(5)[8] =WP4QHU(5)[8] =WP4QLB(4)[7] =WP4QQA(3)[6] =WP4R(5)[8] =WP4RON(4)[7] =WP4ROR(3)[6] =WP4RPD(5)[8] =WP4RPX(3)[6] =WP4RQ(5)[8] =WP4RRR(5)[8] =WP4TD(5)[8] =WP4TX(5)[8] =WP4UC(5)[8] =WP4UM(5)[8] =WP4VL(5)[8] =WP4VM(5)[8] =WP4XF(4)[8] =WP4YG(5)[8] =WP4ZW(5)[8];
KG4,Guantanamo Bay,105,NA,8,11,20.00,75.00,5.0,KG4 =KG4NE;
KH0,Mariana Islands,166,OC,27,64,15.18,-145.72,-10.0,AH0 KH0 NH0 WH0 =NH2B;
KH1,Baker & Howland Islands,20,OC,31,61,0.00,176.00,12.0,AH1 KH1 NH1 WH1;
KH2,Guam,103,OC,27,64,13.37,-144.70,-10.0,AH2 KH2 NH2 WH2 =KF7BMU =KF7GTT =KG6DX =KG6JDX =KH0P =KH6KK =KO4EGC =KO4JB =N1GU =N6MSK =N6WBN =WA0OII;
KH3,Johnston Island,123,OC,31,61,16.72,169.53,10.0,AH3 KH3 NH3 WH3;
KH4,Midway Island,174,OC,31,61,28.20,177.37,11.0,AH4 KH4 NH4 WH4;
KH5,Palmyra & Jarvis Islands,197,OC,31,61,5.87,162.07,11.0,AH5 KH5 NH5 WH5;
KH6,Hawaii,110,OC,31,61,21.12,157.48,10.0,AH6 AH7 KH6 KH7 NH6 NH7 WH6 WH7 =AA2TT =AA3CM =AB7RT =K0RIV =K2GT =K4RBK =K4XV =K5ZYO =K6DCA =K6RHJ =K7DWJ =K7WTH =KA1MRC =KA6MCS =KB6EGA =KB6LDF =KC8JNV =KC9CVX =KD0OLJ =KD9IAH =KD9ISN =KE0TCW =KE7HKK =KE8QB =KF0FMQ =KF6RLP =KG5HMM =KG6JSH =KG7ART =KG7VWF =KH0WJ =KH3AE =KI7NAU =KJ6THQ =KJ6THS =KK4KPX =KK4KXS =KK4QAX =KM6NFS =KN6CID =KN6NAH =KO4LNN =KO4ZYO =KX4ES =KZ6T =N3GWR =W1ZWC =W2DK =W6KCH =W6SPO =W8EBR =WA6QDQ =WB2CAT =WB4JTT =WG1A;
KH7K,Kure Island,138,OC,31,61,29.00,178.00,10.0,AH7K KH7K NH7K WH7K;
KH8,American Samoa,9,OC,32,62,-14.32,170.78,11.0,AH8 KH8 NH8 WH8;
KH8/s,Swains Island,515,OC,32,62,-11.05,171.25,11.0,=K9CS/KH8S;
KH9,Wake Island,297,OC,31,65,19.28,-166.63,-12.0,AH9 KH9 NH9 WH9;
KL,Alaska,6,NA,1,1,61.40,148.87,8.0,AL KL NL WL =AC2UJ =AC7EV =AD0DK =AI4SV =K6NYB =K6VH =K7TWN =K8VEZ =K9UL =K9YJW =KA1NCN =KA2ZSD =KA3FZH =KB1UPV =KD2ZZV =KD7CTV =KD7OTW =KD7RF =KD7UZB =KE0PRX =KE0RWP =KE4RCO =KE6FNQ =KF7MVM =KF7WUC =KG4SUE =KG7AUD =KG7BFK =KI5HPI =KJ6EHV =KJ6GDW =KJ7FOI =KJ7OKC =KK6NRF =KK7BVD =KK7IVL =KN6JOY =KN6LTY =N1TX =N2KJU =N4IJB =N5UC =N5ZDI =N7CGC =N7DKL =N7XBY =N7ZXJ =NA9Z =W4BZB =W7ORR =WA3LEE;
KP1,Navassa Island,182,NA,8,11,18.40,75.00,5.0,KP1 NP1 WP1;
KP2,US Virgin Islands,285,NA,8,11,17.73,64.80,4.0,KP2 NP2 WP2 =K9VV =KD4CDL =KV4BT =KW2G =N2JVO;
KP4,Puerto Rico,202,NA,8,11,18.18,66.55,4.0,KP3 KP4 NP3 NP4 WP3 WP4 =AL7KI =K1QM =K4VIC =K4W =KD2BK =KD9PLJ =KH2RU =KN4GYF =KP2H =N5YXK =WA4BCR =WB2HMY;
KP5,Desecheo Island,43,NA,8,11,18.08,67.88,4.0,KP5 NP5 WP5;
LA,Norway,266,EU,14,18,61.00,-9.00,-1.0,LA LB LC LD LE LF LG LH LI LJ LK LL LM LN;
LU,Argentina,100,SA,13,14,-32.50,62.13,3.0,AY AZ L1 L2 L3 L4 L5 L6 L7 L8 L9 LO LP LQ LR LS LT LU LV LW AY0V[16] AY0W[16] AY0X[16] AY0Y[16] AY1V[16] AY1W[16] AY1X[16] AY1Y[16] AY2V[16] AY2W[16] AY2X[16] AY2Y[16] AY3V[16] AY3W[16] AY3X[16] AY3Y[16] AY4V[16] AY4W[16] AY4X[16] AY4Y[16] AY5V[16] AY5W[16] AY5X[16] AY5Y[16] AY6V[16] AY6W[16] AY6X[16] AY6Y[16] AY7V[16] AY7W[16] AY7X[16] AY7Y[16] AY8V[16] AY8W[16] AY8X[16] AY8Y[16] AY9V[16] AY9W[16] AY9X[16] AY9Y[16] AZ0V[16] AZ0W[16] AZ0X[16] AZ0Y[16] AZ1V[16] AZ1W[16] AZ1X[16] AZ1Y[16] AZ2V[16] AZ2W[16] AZ2X[16] AZ2Y[16] AZ3V[16] AZ3W[16] AZ3X[16] AZ3Y[16] AZ4V[16] AZ4W[16] AZ4X[16] AZ4Y[16] AZ5V[16] AZ5W[16] AZ5X[16] AZ5Y[16] AZ6V[16] AZ6W[16] AZ6X[16] AZ6Y[16] AZ7V[16] AZ7W[16] AZ7X[16] AZ7Y[16] AZ8V[16] AZ8W[16] AZ8X[16] AZ8Y[16] AZ9V[16] AZ9W[16] AZ9X[16] AZ9Y[16] L20V[16] L20W[16] L20X[16] L20Y[16] L21V[16] L21W[16] L21X[16] L21Y[16] L22V[16] L22W[16] L22X[16] L22Y[16] L23V[16] L23W[16] L23X[16] L23Y[16] L24V[16] L24W[16] L24X[16] L24Y[16] L25V[16] L25W[16] L25X[16] L25Y[16] L26V[16] L26W[16] L26X[16] L26Y[16] L27V[16] L27W[16] L27X[16] L27Y[16] L28V[16] L28W[16] L28X[16] L28Y[16] L29V[16] L29W[16] L29X[16] L29Y[16] L30V[16] L30W[16] L30X[16] L30Y[16] L31V[16] L31W[16] L31X[16] L31Y[16] L32V[16] L32W[16] L32X[16] L32Y[16] L33V[16] L33W[16] L33X[16] L33Y[16] L34V[16] L34W[16] L34X[16] L34Y[16] L35V[16] L35W[16] L35X[16] L35Y[16] L36V[16] L36W[16] L36X[16] L36Y[16] L37V[16] L37W[16] L37X[16] L37Y[16] L38V[16] L38W[16] L38X[16] L38Y[16] L39V[16] L39W[16] L39X[16] L39Y[16] L40V[16] L40W[16] L40X[16] L40Y[16] L41V[16] L41W[16] L41X[16] L41Y[16] L42V[16] L42W[16] L42X[16] L42Y[16] L43V[16] L43W[16] L43X[16] L43Y[16] L44V[16] L44W[16] L44X[16] L44Y[16] L45V[16] L45W[16] L45X[16] L45Y[16] L46V[16] L46W[16] L46X[16] L46Y[16] L47V[16] L47W[16] L47X[16] L47Y[16] L48V[16] L48W[16] L48X[16] L48Y[16] L49V[16] L49W[16] L49X[16] L49Y[16] L50V[16] L50W[16] L50X[16] L50Y[16] L51V[16] L51W[16] L51X[16] L51Y[16] L52V[16] L52W[16] L52X[16] L52Y[16] L53V[16] L53W[16] L53X[16] L53Y[16] L54V[16] L54W[16] L54X[16] L54Y[16] L55V[16] L55W[16] L55X[16] L55Y[16] L56V[16] L56W[16] L56X[16] L56Y[16] L57V[16] L57W[16] L57X[16] L57Y[16] L58V[16] L58W[16] L58X[16] L58Y[16] L59V[16] L59W[16] L59X[16] L59Y[16] L60V[16] L60W[16] L60X[16] L60Y[16] L61V[16] L61W[16] L61X[16] L61Y[16] L62V[16] L62W[16] L62X[16] L62Y[16] L63V[16] L63W[16] L63X[16] L63Y[16] L64V[16] L64W[16] L64X[16] L64Y[16] L65V[16] L65W[16] L65X[16] L65Y[16] L66V[16] L66W[16] L66X[16] L66Y[16] L67V[16] L67W[16] L67X[16] L67Y[16] L68V[16] L68W[16] L68X[16] L68Y[16] L69V[16] L69W[16] L69X[16] L69Y[16] L70V[16] L70W[16] L70X[16] L70Y[16] L71V[16] L71W[16] L71X[16] L71Y[16] L72V[16] L72W[16] L72X[16] L72Y[16] L73V[16] L73W[16] L73X[16] L73Y[16] L74V[16] L74W[16] L74X[16] L74Y[16] L75V[16] L75W[16] L75X[16] L75Y[16] L76V[16] L76W[16] L76X[16] L76Y[16] L77V[16] L77W[16] L77X[16] L77Y[16] L78V[16] L78W[16] L78X[16] L78Y[16] L79V[16] L79W[16] L79X[16] L79Y[16] L80V[16] L80W[16] L80X[16] L80Y[16] L81V[16] L81W[16] L81X[16] L81Y[16] L82V[16] L82W[16] L82X[16] L82Y[16] L83V[16] L83W[16] L83X[16] L83Y[16] L84V[16] L84W[16] L84X[16] L84Y[16] L85V[16] L85W[16] L85X[16] L85Y[16] L86V[16] L86W[16] L86X[16] L86Y[16] L87V[16] L87W[16] L87X[16] L87Y[16] L88V[16] L88W[16] L88X[16] L88Y[16] L89V[16] L89W[16] L89X[16] L89Y[16] L90V[16] L90W[16] L90X[16] L90Y[16] L91V[16] L91W[16] L91X[16] L91Y[16] L92V[16] L92W[16] L92X[16] L92Y[16] L93V[16] L93W[16] L93X[16] L93Y[16] L94V[16] L94W[16] L94X[16] L94Y[16] L95V[16] L95W[16] L95X[16] L95Y[16] L96V[16] L96W[16] L96X[16] L96Y[16] L97V[16] L97W[16] L97X[16] L97Y[16] L98V[16] L98W[16] L98X[16] L98Y[16] L99V[16] L99W[16] L99X[16] L99Y[16] LO0V[16] LO0W[16] LO0X[16] LO0Y[16] LO1V[16] LO1W[16] LO1X[16] LO1Y[16] LO2V[16] LO2W[16] LO2X[16] LO2Y[16] LO3V[16] LO3W[16] LO3X[16] LO3Y[16] LO4V[16] LO4W[16] LO4X[16] LO4Y[16] LO5V[16] LO5W[16] LO5X[16] LO5Y[16] LO6V[16] LO6W[16] LO6X[16] LO6Y[16] LO7V[16] LO7W[16] LO7X[16] LO7Y[16] LO8V[16] LO8W[16] LO8X[16] LO8Y[16] LO9V[16] LO9W[16] LO9X[16] LO9Y[16] LP0V[16] LP0W[16] LP0X[16] LP0Y[16] LP1V[16] LP1W[16] LP1X[16] LP1Y[16] LP2V[16] LP2W[16] LP2X[16] LP2Y[16] LP3V[16] LP3W[16] LP3X[16] LP3Y[16] LP4V[16] LP4W[16] LP4X[16] LP4Y[16] LP5V[16] LP5W[16] LP5X[16] LP5Y[16] LP6V[16] LP6W[16] LP6X[16] LP6Y[16] LP7V[16] LP7W[16] LP7X[16] LP7Y[16] LP8V[16] LP8W[16] LP8X[16] LP8Y[16] LP9V[16] LP9W[16] LP9X[16] LP9Y[16] LQ0V[16] LQ0W[16] LQ0X[16] LQ0Y[16] LQ1V[16] LQ1W[16] LQ1X[16] LQ1Y[16] LQ2V[16] LQ2W[16] LQ2X[16] LQ2Y[16] LQ3V[16] LQ3W[16] LQ3X[16] LQ3Y[16] LQ4V[16] LQ4W[16] LQ4X[16] LQ4Y[16] LQ5V[16] LQ5W[16] LQ5X[16] LQ5Y[16] LQ6V[16] LQ6W[16] LQ6X[16] LQ6Y[16] LQ7V[16] LQ7W[16] LQ7X[16] LQ7Y[16] LQ8V[16] LQ8W[16] LQ8X[16] LQ8Y[16] LQ9V[16] LQ9W[16] LQ9X[16] LQ9Y[16] LR0V[16] LR0W[16] LR0X[16] LR0Y[16] LR1V[16] LR1W[16] LR1X[16] LR1Y[16] LR2V[16] LR2W[16] LR2X[16] LR2Y[16] LR3V[16] LR3W[16] LR3X[16] LR3Y[16] LR4V[16] LR4W[16] LR4X[16] LR4Y[16] LR5V[16] LR5W[16] LR5X[16] LR5Y[16] LR6V[16] LR6W[16] LR6X[16] LR6Y[16] LR7V[16] LR7W[16] LR7X[16] LR7Y[16] LR8V[16] LR8W[16] LR8X[16] LR8Y[16] LR9V[16] LR9W[16] LR9X[16] LR9Y[16] LS0V[16] LS0W[16] LS0X[16] LS0Y[16] LS1V[16] LS1W[16] LS1X[16] LS1Y[16] LS2V[16] LS2W[16] LS2X[16] LS2Y[16] LS3V[16] LS3W[16] LS3X[16] LS3Y[16] LS4V[16] LS4W[16] LS4X[16] LS4Y[16] LS5V[16] LS5W[16] LS5X[16] LS5Y[16] LS6V[16] LS6W[16] LS6X[16] LS6Y[16] LS7V[16] LS7W[16] LS7X[16] LS7Y[16] LS8V[16] LS8W[16] LS8X[16] LS8Y[16] LS9V[16] LS9W[16] LS9X[16] LS9Y[16] LT0V[16] LT0W[16] LT0X[16] LT0Y[16] LT1V[16] LT1W[16] LT1X[16] LT1Y[16] LT2V[16] LT2W[16] LT2X[16] LT2Y[16] LT3V[16] LT3W[16] LT3X[16] LT3Y[16] LT4V[16] LT4W[16] LT4X[16] LT4Y[16] LT5V[16] LT5W[16] LT5X[16] LT5Y[16] LT6V[16] LT6W[16] LT6X[16] LT6Y[16] LT7V[16] LT7W[16] LT7X[16] LT7Y[16] LT8V[16] LT8W[16] LT8X[16] LT8Y[16] LT9V[16] LT9W[16] LT9X[16] LT9Y[16] LU0V[16] LU0W[16] LU0X[16] LU0Y[16] LU1V[16] LU1W[16] LU1X[16] LU1Y[16] LU2V[16] LU2W[16] LU2X[16] LU2Y[16] LU3V[16] LU3W[16] LU3X[16] LU3Y[16] LU4V[16] LU4W[16] LU4X[16] LU4Y[16] LU5V[16] LU5W[16] LU5X[16] LU5Y[16] LU6V[16] LU6W[16] LU6X[16] LU6Y[16] LU7V[16] LU7W[16] LU7X[16] LU7Y[16] LU8V[16] LU8W[16] LU8X[16] LU8Y[16] LU9V[16] LU9W[16] LU9X[16] LU9Y[16] LV0V[16] LV0W[16] LV0X[16] LV0Y[16] LV1V[16] LV1W[16] LV1X[16] LV1Y[16] LV2V[16] LV2W[16] LV2X[16] LV2Y[16] LV3V[16] LV3W[16] LV3X[16] LV3Y[16] LV4V[16] LV4W[16] LV4X[16] LV4Y[16] LV5V[16] LV5W[16] LV5X[16] LV5Y[16] LV6V[16] LV6W[16] LV6X[16] LV6Y[16] LV7V[16] LV7W[16] LV7X[16] LV7Y[16] LV8V[16] LV8W[16] LV8X[16] LV8Y[16] LV9V[16] LV9W[16] LV9X[16] LV9Y[16] LW0V[16] LW0W[16] LW0X[16] LW0Y[16] LW1V[16] LW1W[16] LW1X[16] LW1Y[16] LW2V[16] LW2W[16] LW2X[16] LW2Y[16] LW3V[16] LW3W[16] LW3X[16] LW3Y[16] LW4V[16] LW4W[16] LW4X[16] LW4Y[16] LW5V[16] LW5W[16] LW5X[16] LW5Y[16] LW6V[16] LW6W[16] LW6X[16] LW6Y[16] LW7V[16] LW7W[16] LW7X[16] LW7Y[16] LW8V[16] LW8W[16] LW8X[16] LW8Y[16] LW9V[16] LW9W[16] LW9X[16] LW9Y[16] =L75DT/D =LU1AW/X[16] =LU1CBQ/D =LU1DNQ/D =LU1EPC/E =LU1HLH/D =LU1MAW/D =LU1VYL/XO[16] =LU1WCL/XA[16] =LU1WL/W[16] =LU1WUD/XA[16] =LU1XA/XA[16] =LU1XMO/XA[16] =LU2DT/D =LU2DVI/H =LU2VV/D =LU2WA/W[16] =LU2WJV/XA[16] =LU3DSR/D =LU3DVN/X[16] =LU3DYN/D =LU3EU/D =LU3HGB/H =LU3XAP/H =LU3XEI/XA[16] =LU4ARU/D =LU4BAN/D =LU4DPL/H =LU4DQ/D =LU5BE/GR =LU5DMG/D =LU6DM/D =LU6DTJ/D =LU7AA/U =LU7DZV/D =LU7EYX/D =LU7HW/D =LU7YG/XO[16] =LU8DCH/D =LU8DMV/W[16] =LU8DRA/D =LU8DZH/D =LU8EMD/D =LU8VCC/XO[16] =LU8XW/XP[16] =LU9BSA/D =LU9DEW/D =LU9DX/D =LU9EV/D =LU9WE/XA[16] =LW6DNF/D =LW9EVV/D;
LX,Luxembourg,254,EU,14,27,50.00,-6.00,-1.0,LX;
LY,Lithuania,146,EU,15,29,55.45,-23.63,-2.0,LY;
LZ,Bulgaria,212,EU,20,28,42.83,-25.08,-2.0,LZ;
OA,Peru,136,SA,10,12,-10.00,76.00,5.0,4T OA OB OC;
OD,Lebanon,354,AS,20,39,33.83,-35.83,-2.0,OD;
OE,Austria,206,EU,15,28,47.33,-13.33,-1.0,OE =4U0R =4U1A =4U1VIC =4U2U =4UNR =4Y1A =C7A;
OH,Finland,224,EU,15,18,61.38,-24.82,-2.0,OF OG OH OI OJ;
OH0,Aland Islands,5,EU,15,18,60.13,-20.37,-2.0,OF0 OG0 OH0 OI0;
OJ0,Market Reef,167,EU,15,18,60.00,-19.00,-2.0,OJ0;
OK,Czech Republic,503,EU,15,28,50.00,-16.00,-1.0,OK OL;
OM,Slovak Republic,504,EU,15,28,49.00,-20.00,-1.0,OM;
ON,Belgium,209,EU,14,27,50.70,-4.85,-1.0,ON OO OP OQ OR OS OT;
OX,Greenland,237,NA,40,5,74.00,42.78,3.0,OX XP;
OY,Faroe Islands,222,EU,14,18,62.07,6.93,0.0,OW OY;
OZ,Denmark,221,EU,14,18,56.00,-10.00,-1.0,5P 5Q OU OV OZ;
P2,Papua New Guinea,163,OC,28,51,-9.50,-147.12,-10.0,P2;
P4,Aruba,91,SA,9,11,12.53,69.98,4.0,P4;
P5,DPR of Korea,344,AS,25,44,39.78,-126.30,-9.0,P5 P6 P7 P8 P9;
PA,Netherlands,263,EU,14,27,52.28,-5.47,-1.0,PA PB PC PD PE PF PG PH PI;
PJ2,Curacao,517,SA,9,11,12.17,69.00,4.0,PJ2;
PJ4,Bonaire,520,SA,9,11,12.20,68.25,4.0,PJ4;
PJ5,Saba & St. Eustatius,519,NA,8,11,17.57,63.10,4.0,PJ5 PJ6;
PJ7,Sint Maarten,518,NA,8,11,18.07,63.07,4.0,PJ0 PJ7 PJ8;
PY,Brazil,108,SA,11,15,-10.00,53.00,3.0,PP PQ PR PS PT PU PV PW PX PY ZV ZW ZX ZY ZZ PP6[13] PP7[13] PP8[12] PP9[13] PQ2[13] PQ6[13] PQ7[13] PQ8[13] PQ9[13] PR6[13] PR7[13] PR8[13] PR9[13] PS6[13] PS7[13] PS8[13] PS9[13] PT2[13] PT6[13] PT7[13] PT8[12] PU6[13] PU7[13] PU8[13] PU9[13] PV6[13] PV7[13] PV8[12] PV9[13] PW6[13] PW7[13] PW8[12] PW9[13] PX6[13] PX7[13] PX8[13] PX9[13] PY6[13] PY7[13] PY8[13] PY9[13] ZV6[13] ZV7[13] ZV8[13] ZV9[13] ZW6[13] ZW7[13] ZW8[13] ZW9[13] ZX6[13] ZX7[13] ZX8[13] ZX9[13] ZY6[13] ZY7[13] ZY8[13] ZY9[13] ZZ6[13] ZZ7[13] ZZ8[13] ZZ9[13];
PY0F,Fernando de Noronha,56,SA,11,13,-3.85,32.43,2.0,PP0F PP0ZF PQ0F PQ0ZF PR0F PR0ZF PS0F PS0ZF PT0F PT0ZF PU0F PU0ZF PV0F PV0ZF PW0F PW0ZF PX0F PX0ZF PY0F PY0Z ZV0F ZV0ZF ZW0F ZW0ZF ZX0F ZX0ZF ZY0F ZY0Z ZZ0F ZZ0ZF PP0R PP0ZR PQ0R PQ0ZR PR0R PR0ZR PS0R PS0ZR PT0R PT0ZR PU0R PU0ZR PV0R PV0ZR PW0R PW0ZR PX0R PX0ZR PY0R ZV0R ZV0ZR ZW0R ZW0ZR ZX0R ZX0ZR ZY0R ZZ0R ZZ0ZR;
PY0S,St. Peter & St. Paul,253,SA,11,13,0.00,29.00,2.0,PP0S PP0ZS PQ0S PQ0ZS PR0S PR0ZS PS0S PS0ZS PT0S PT0ZS PU0S PU0ZS PV0S PV0ZS PW0S PW0ZS PX0S PX0ZS PY0S PY0ZS ZV0S ZV0ZS ZW0S ZW0ZS ZX0S ZX0ZS ZY0S ZY0ZS ZZ0S ZZ0ZS;
PY0T,Trindade & Martim Vaz,273,SA,11,15,-20.50,29.32,2.0,PP0T PP0ZT PQ0T PQ0ZT PR0T PR0ZT PS0T PS0ZT PT0T PT0ZT PU0T PU0ZT PV0T PV0ZT PW0T PW0ZT PX0T PX0ZT PY0T PY0ZT ZV0T ZV0ZT ZW0T ZW0ZT ZX0T ZX0ZT ZY0T ZY0ZT ZZ0T ZZ0ZT;
PZ,Suriname,140,SA,9,12,4.00,56.00,3.0,PZ;
R1FJ,Franz Josef Land,61,EU,40,75,80.68,-49.92,-3.0,RI1F;
S0,Western Sahara,302,AF,33,46,24.82,13.85,0.0,S0;
S2,Bangladesh,305,AS,22,41,24.12,-89.65,-6.0,S2 S3;
S5,Slovenia,499,EU,15,28,46.00,-14.00,-1.0,S5;
S7,Seychelles,379,AF,39,53,-4.67,-55.47,-4.0,S7;
S9,Sao Tome & Principe,219,AF,36,47,0.22,-6.57,0.0,S9;
SM,Sweden,284,EU,14,18,58.90,-15.33,-1.0,7S 8S SA SB SC SD SE SF SG SH SI SJ SK SL SM;
SP,Poland,269,EU,15,28,52.28,-18.67,-1.0,3Z HF SN SO SP SQ SR;
ST,Sudan,466,AF,34,48,14.47,-28.62,-3.0,6T 6U ST =VERSION;
SU,Egypt,478,AF,34,38,26.28,-28.60,-2.0,6A 6B SS SU;
SV,Greece,236,EU,20,28,39.78,-21.78,-2.0,J4 SV SW SX SY SZ =SX50AHH;
SV/a,Mount Athos,180,EU,20,28,40.00,-24.00,-2.0,=SV2ASP/A =SV2RSG/A;
SV5,Dodecanese,45,EU,20,28,36.17,-27.93,-2.0,J45 SV5 SW5 SX5 SY5 SZ5;
SV9,Crete,40,EU,20,28,35.23,-24.78,-2.0,J49 SV9 SW9 SX9 SY9 SZ9 =SV0XAZ;
T2,Tuvalu,282,OC,31,65,-8.50,-179.20,-12.0,T2;
T30,Western Kiribati,301,OC,31,65,1.42,-173.00,-12.0,T30;
T31,Central Kiribati,31,OC,31,62,-2.83,171.72,-13.0,T31;
T32,Eastern Kiribati,48,OC,31,61,1.80,157.35,-14.0,T32;
T33,Banaba Island,490,OC,31,65,-0.88,-169.53,-12.0,T33;
T5,Somalia,232,AF,37,48,2.03,-45.35,-3.0,6O T5;
T7,San Marino,278,EU,15,28,43.95,-12.45,-1.0,T7;
T8,Palau,22,OC,27,64,7.45,-134.53,-9.0,T8;
TA,Asiatic Turkey,390,AS,20,39,39.18,-35.65,-2.0,TA TB TC YM =TC100AGE =TC100HQ =TC100OLD =TC100TA =TC100TC =TC100TR =TC100YEAR =TC10O =TA1C/2;
*TA1,European Turkey,390,EU,20,39,41.02,-28.97,-2.0,TA1 TB1 TC1 YM1 =TA6CQ/1;
TF,Iceland,242,EU,40,17,64.80,18.73,0.0,TF;
TG,Guatemala,76,NA,7,11,15.50,90.30,6.0,TD TG;
TI,Costa Rica,308,NA,7,11,10.00,84.00,6.0,TE TI;
TI9,Cocos Island,37,NA,7,11,5.52,87.05,6.0,TE9 TI9;
TJ,Cameroon,406,AF,36,47,5.38,-11.87,-1.0,TJ;
TK,Corsica,214,EU,15,28,42.00,-9.00,-1.0,TK;
TL,Central African Republic,408,AF,36,47,6.75,-20.33,-1.0,TL;
TN,Republic of the Congo,412,AF,36,52,-1.02,-15.37,-1.0,TN;
TR,Gabon,420,AF,36,52,-0.37,-11.73,-1.0,TR;
TT,Chad,410,AF,36,47,15.80,-18.17,-1.0,TT;
TU,Cote d'Ivoire,428,AF,35,46,7.58,5.80,0.0,TU;
TY,Benin,416,AF,35,46,9.87,-2.25,-1.0,TY;
TZ,Mali,442,AF,35,46,18.00,2.58,0.0,TZ;
UA,European Russia,54,EU,16,29,53.65,-41.37,-4.0,R U R1I(17)[20] R1N[19] R1O[19] R1P[20] R1Z[19] R4H[30] R4I[30] R4W[30] R8F(17)[30] R8G(17)[30] R8X(17)[20] R9F(17)[30] R9G(17)[30] R9X(17)[20] RA1I(17)[20] RA1N[19] RA1O[19] RA1P[20] RA1Z[19] RA4H[30] RA4I[30] RA4W[30] RA8F(17)[30] RA8G(17)[30] RA8X(17)[20] RA9F(17)[30] RA9G(17)[30] RA9X(17)[20] RC1I(17)[20] RC1N[19] RC1O[19] RC1P[20] RC1Z[19] RC4H[30] RC4I[30] RC4W[30] RC8F(17)[30] RC8G(17)[30] RC8X(17)[20] RC9F(17)[30] RC9G(17)[30] RC9X(17)[20] RD1I(17)[20] RD1N[19] RD1O[19] RD1P[20] RD1Z[19] RD4H[30] RD4I[30] RD4W[30] RD8F(17)[30] RD8G(17)[30] RD8X(17)[20] RD9F(17)[30] RD9G(17)[30] RD9X(17)[20] RE1I(17)[20] RE1N[19] RE1O[19] RE1P[20] RE1Z[19] RE4H[30] RE4I[30] RE4W[30] RE8F(17)[30] RE8G(17)[30] RE8X(17)[20] RE9F(17)[30] RE9G(17)[30] RE9X(17)[20] RF1I(17)[20] RF1N[19] RF1O[19] RF1P[20] RF1Z[19] RF4H[30] RF4I[30] RF4W[30] RF8F(17)[30] RF8G(17)[30] RF8X(17)[20] RF9F(17)[30] RF9G(17)[30] RF9X(17)[20] RG1I(17)[20] RG1N[19] RG1O[19] RG1P[20] RG1Z[19] RG4H[30] RG4I[30] RG4W[30] RG8F(17)[30] RG8G(17)[30] RG8X(17)[20] RG9F(17)[30] RG9G(17)[30] RG9X(17)[20] RI8X(17)[20] RI9X(17)[20] RJ1I(17)[20] RJ1N[19] RJ1O[19] RJ1P[20] RJ1Z[19] RJ4H[30] RJ4I[30] RJ4W[30] RJ8F(17)[30] RJ8G(17)[30] RJ8X(17)[20] RJ9F(17)[30] RJ9G(17)[30] RJ9X(17)[20] RK1I(17)[20] RK1N[19] RK1O[19] RK1P[20] RK1Z[19] RK4H[30] RK4I[30] RK4W[30] RK8F(17)[30] RK8G(17)[30] RK8X(17)[20] RK9F(17)[30] RK9G(17)[30] RK9X(17)[20] RL1I(17)[20] RL1N[19] RL1O[19] RL1P[20] RL1Z[19] RL4H[30] RL4I[30] RL4W[30] RL8F(17)[30] RL8G(17)[30] RL8X(17)[20] RL9F(17)[30] RL9G(17)[30] RL9X(17)[20] RM1I(17)[20] RM1N[19] RM1O[19] RM1P[20] RM1Z[19] RM4H[30] RM4I[30] RM4W[30] RM8F(17)[30] RM8G(17)[30] RM8X(17)[20] RM9F(17)[30] RM9G(17)[30] RM9X(17)[20] RN1I(17)[20] RN1N[19] RN1O[19] RN1P[20] RN1Z[19] RN4H[30] RN4I[30] RN4W[30] RN8F(17)[30] RN8G(17)[30] RN8X(17)[20] RN9F(17)[30] RN9G(17)[30] RN9X(17)[20] RO1I(17)[20] RO1N[19] RO1O[19] RO1P[20] RO1Z[19] RO4H[30] RO4I[30] RO4W[30] RO8F(17)[30] RO8G(17)[30] RO8X(17)[20] RO9F(17)[30] RO9G(17)[30] RO9X(17)[20] RQ1I(17)[20] RQ1N[19] RQ1O[19] RQ1P[20] RQ1Z[19] RQ4H[30] RQ4I[30] RQ4W[30] RQ8F(17)[30] RQ8G(17)[30] RQ8X(17)[20] RQ9F(17)[30] RQ9G(17)[30] RQ9X(17)[20] RT1I(17)[20] RT1N[19] RT1O[19] RT1P[20] RT1Z[19] RT4H[30] RT4I[30] RT4W[30] RT8F(17)[30] RT8G(17)[30] RT8X(17)[20] RT9F(17)[30] RT9G(17)[30] RT9X(17)[20] RU1I(17)[20] RU1N[19] RU1O[19] RU1P[20] RU1Z[19] RU4H[30] RU4I[30] RU4W[30] RU8F(17)[30] RU8G(17)[30] RU8X(17)[20] RU9F(17)[30] RU9G(17)[30] RU9X(17)[20] RV1I(17)[20] RV1N[19] RV1O[19] RV1P[20] RV1Z[19] RV4H[30] RV4I[30] RV4W[30] RV8F(17)[30] RV8G(17)[30] RV8X(17)[20] RV9F(17)[30] RV9G(17)[30] RV9X(17)[20] RW1I(17)[20] RW1N[19] RW1O[19] RW1P[20] RW1Z[19] RW4H[30] RW4I[30] RW4W[30] RW8F(17)[30] RW8G(17)[30] RW8X(17)[20] RW9F(17)[30] RW9G(17)[30] RW9X(17)[20] RX1I(17)[20] RX1N[19] RX1O[19] RX1P[20] RX1Z[19] RX4H[30] RX4I[30] RX4W[30] RX8F(17)[30] RX8G(17)[30] RX8X(17)[20] RX9F(17)[30] RX9G(17)[30] RX9X(17)[20] RY1I(17)[20] RY1N[19] RY1O[19] RY1P[20] RY1Z[19] RY4H[30] RY4I[30] RY4W[30] RY8F(17)[30] RY8G(17)[30] RY8X(17)[20] RY9F(17)[30] RY9G(17)[30] RY9X(17)[20] RZ1I(17)[20] RZ1N[19] RZ1O[19] RZ1P[20] RZ1Z[19] RZ4H[30] RZ4I[30] RZ4W[30] RZ8F(17)[30] RZ8G(17)[30] RZ8X(17)[20] RZ9F(17)[30] RZ9G(17)[30] RZ9X(17)[20] U1I(17)[20] U1N[19] U1O[19] U1P[20] U1Z[19] U4H[30] U4I[30] U4W[30] U8F(17)[30] U8G(17)[30] U8X(17)[20] U9F(17)[30] U9G(17)[30] U9X(17)[20] UA1I(17)[20] UA1N[19] UA1O[19] UA1P[20] UA1Z[19] UA4H[30] UA4I[30] UA4W[30] UA8F(17)[30] UA8G(17)[30] UA8X(17)[20] UA9F(17)[30] UA9G(17)[30] UA9X(17)[20] UB1I(17)[20] UB1N[19] UB1O[19] UB1P[20] UB1Z[19] UB4H[30] UB4I[30] UB4W[30] UB8F(17)[30] UB8G(17)[30] UB8X(17)[20] UB9F(17)[30] UB9G(17)[30] UB9X(17)[20] UC1I(17)[20] UC1N[19] UC1O[19] UC1P[20] UC1Z[19] UC4H[30] UC4I[30] UC4W[30] UC8F(17)[30] UC8G(17)[30] UC8X(17)[20] UC9F(17)[30] UC9G(17)[30] UC9X(17)[20] UD1I(17)[20] UD1N[19] UD1O[19] UD1P[20] UD1Z[19] UD4H[30] UD4I[30] UD4W[30] UD8F(17)[30] UD8G(17)[30] UD8X(17)[20] UD9F(17)[30] UD9G(17)[30] UD9X(17)[20] UE1I(17)[20] UE1N[19] UE1O[19] UE1P[20] UE1Z[19] UE4H[30] UE4I[30] UE4W[30] UE8F(17)[30] UE8G(17)[30] UE8X(17)[20] UE9F(17)[30] UE9G(17)[30] UE9X(17)[20] UF1I(17)[20] UF1N[19] UF1O[19] UF1P[20] UF1Z[19] UF4H[30] UF4I[30] UF4W[30] UF8F(17)[30] UF8G(17)[30] UF8X(17)[20] UF9F(17)[30] UF9G(17)[30] UF9X(17)[20] UG1I(17)[20] UG1N[19] UG1O[19] UG1P[20] UG1Z[19] UG4H[30] UG4I[30] UG4W[30] UG8F(17)[30] UG8G(17)[30] UG8X(17)[20] UG9F(17)[30] UG9G(17)[30] UG9X(17)[20] UH1I(17)[20] UH1N[19] UH1O[19] UH1P[20] UH1Z[19] UH4H[30] UH4I[30] UH4W[30] UH8F(17)[30] UH8G(17)[30] UH8X(17)[20] UH9F(17)[30] UH9G(17)[30] UH9X(17)[20] UI1I(17)[20] UI1N[19] UI1O[19] UI1P[20] UI1Z[19] UI4H[30] UI4I[30] UI4W[30] UI8F(17)[30] UI8G(17)[30] UI8X(17)[20] UI9F(17)[30] UI9G(17)[30] UI9X(17)[20] =RN9JM/6 =R0QAW/3 =R4HAT[29] =R4HC[29] =R4HCE[29] =R4HCZ[29] =R4HD[29] =R4HDC[29] =R4HDR[29] =R4HL[29] =R4IC[29] =R4ID[29] =R4II[29] =R4IK[29] =R4IM[29] =R4IN[29] =R4IO[29] =R4IT[29] =R8FF/P(17)[30] =R900DM =R900DV =R900RO =R9GM/6 =R9OM/6 =R9XD/6 =RA3X/1(17)[20] =RA4HL[29] =RA80OW =RA9UF/4 =RA9UUY/6 =RC4HT[29] =RC4I[29] =RJ4I[29] =RJ4P[30] =RK4HM[29] =RK4P[30] =RL1I/P(17)[20] =RM0L/4 =RM4I[29] =RN4HFJ[29] =RN4HIF[29] =RN80OW =RO80OW =RU4HD[29] =RU4HP[29] =RU4I[29] =RU80OW =RU80SB =RW4HM[29] =RW4HTK[29] =RW4HW[29] =RW4HZ[29] =RW9WJ/4[30] =UA0QNV/3 =UA3LMR/P =UA4H[29] =UA4HBM[29] =UA4HGL[29] =UA4HIP[29] =UA4HRZ[29] =UA4HY[29] =UA4NF[30] =UA4PN[30] =UC4I[29] =UE80SK =UI4I[29];
UA2,Kaliningrad,126,EU,15,29,54.72,-20.52,-3.0,R2F R2K RA2 RC2F RC2K RD2F RD2K RE2F RE2K RF2F RF2K RG2F RG2K RJ2F RJ2K RK2F RK2K RL2F RL2K RM2F RM2K RN2F RN2K RO2F RO2K RQ2F RQ2K RT2F RT2K RU2F RU2K RV2F RV2K RW2F RW2K RX2F RX2K RY2F RY2K RZ2F RZ2K U2F U2K UA2 UB2 UC2 UD2 UE2 UF2 UG2 UH2 UI2 =R2MWO;
UA9,Asiatic Russia,15,AS,17,30,55.88,-84.08,-7.0,R0 R8(17)[30] R9 RA0 RA8(17)[30] RA9 RC0 RC8(17)[30] RC9 RD0 RD8(17)[30] RD9 RE0 RE8(17)[30] RE9 RF0 RF8(17)[30] RF9 RG0 RG8(17)[30] RG9 RI0 RI8(17)[30] RI9 RJ0 RJ8(17)[30] RJ9 RK0 RK8(17)[30] RK9 RL0 RL8(17)[30] RL9 RM0 RM8(17)[30] RM9 RN0 RN8(17)[30] RN9 RO0 RO8(17)[30] RO9 RQ0 RQ8(17)[30] RQ9 RT0 RT8(17)[30] RT9 RU0 RU8(17)[30] RU9 RV0 RV8(17)[30] RV9 RW0 RW8(17)[30] RW9 RX0 RX8(17)[30] RX9 RY0 RY8(17)[30] RY9 RZ0 RZ8(17)[30] RZ9 U0 U8(17)[30] U9 UA0 UA8(17)[30] UA9 UB0 UB8(17)[30] UB9 UC0 UC8(17)[30] UC9 UD0 UD8(17)[30] UD9 UE0 UE8(17)[30] UE9 UF0 UF8(17)[30] UF9 UG0 UG8(17)[30] UG9 UH0 UH8(17)[30] UH9 UI0 UI8(17)[30] UI9 R0T(18)[32] R8H(18)[31] R8I(18)[31] R8O(18)[31] R8P(18)[31] R8S(16)[30] R8T(16)[30] R8U(18)[31] R8V(18)[31] R8W(16)[30] R8Y(18)[31] R8Z(18)[31] R9I(18)[31] R9M(17)[30] R9P(18)[31] R9S(16) R9T(16) R9V(18)[31] R9W(16) RA0T(18)[32] RA8H(18)[31] RA8I(18)[31] RA8O(18)[31] RA8P(18)[31] RA8S(16)[30] RA8T(16)[30] RA8U(18)[31] RA8V(18)[31] RA8W(16)[30] RA8Y(18)[31] RA8Z(18)[31] RA9I(18)[31] RA9M(17)[30] RA9P(18)[31] RA9S(16) RA9T(16) RA9V(18)[31] RA9W(16) RC0T(18)[32] RC8H(18)[31] RC8I(18)[31] RC8O(18)[31] RC8P(18)[31] RC8S(16)[30] RC8T(16)[30] RC8U(18)[31] RC8V(18)[31] RC8W(16)[30] RC8Y(18)[31] RC8Z(18)[31] RC9I(18)[31] RC9M(17)[30] RC9P(18)[31] RC9S(16) RC9T(16) RC9V(18)[31] RC9W(16) RD0T(18)[32] RD8H(18)[31] RD8I(18)[31] RD8O(18)[31] RD8P(18)[31] RD8S(16)[30] RD8T(16)[30] RD8U(18)[31] RD8V(18)[31] RD8W(16)[30] RD8Y(18)[31] RD8Z(18)[31] RD9I(18)[31] RD9M(17)[30] RD9P(18)[31] RD9S(16) RD9T(16) RD9V(18)[31] RD9W(16) RE0T(18)[32] RE8H(18)[31] RE8I(18)[31] RE8O(18)[31] RE8P(18)[31] RE8S(16)[30] RE8T(16)[30] RE8U(18)[31] RE8V(18)[31] RE8W(16)[30] RE8Y(18)[31] RE8Z(18)[31] RE9I(18)[31] RE9M(17)[30] RE9P(18)[31] RE9S(16) RE9T(16) RE9V(18)[31] RE9W(16) RF0T(18)[32] RF8H(18)[31] RF8I(18)[31] RF8O(18)[31] RF8P(18)[31] RF8S(16)[30] RF8T(16)[30] RF8U(18)[31] RF8V(18)[31] RF8W(16)[30] RF8Y(18)[31] RF8Z(18)[31] RF9I(18)[31] RF9M(17)[30] RF9P(18)[31] RF9S(16) RF9T(16) RF9V(18)[31] RF9W(16) RG0T(18)[32] RG8H(18)[31] RG8I(18)[31] RG8O(18)[31] RG8P(18)[31] RG8S(16)[30] RG8T(16)[30] RG8U(18)[31] RG8V(18)[31] RG8W(16)[30] RG8Y(18)[31] RG8Z(18)[31] RG9I(18)[31] RG9M(17)[30] RG9P(18)[31] RG9S(16) RG9T(16) RG9V(18)[31] RG9W(16) RJ0T(18)[32] RJ8H(18)[31] RJ8I(18)[31] RJ8O(18)[31] RJ8P(18)[31] RJ8S(16)[30] RJ8T(16)[30] RJ8U(18)[31] RJ8V(18)[31] RJ8W(16)[30] RJ8Y(18)[31] RJ8Z(18)[31] RJ9I(18)[31] RJ9M(17)[30] RJ9P(18)[31] RJ9S(16) RJ9T(16) RJ9V(18)[31] RJ9W(16) RK0T(18)[32] RK8H(18)[31] RK8I(18)[31] RK8O(18)[31] RK8P(18)[31] RK8S(16)[30] RK8T(16)[30] RK8U(18)[31] RK8V(18)[31] RK8W(16)[30] RK8Y(18)[31] RK8Z(18)[31] RK9I(18)[31] RK9M(17)[30] RK9P(18)[31] RK9S(16) RK9T(16) RK9V(18)[31] RK9W(16) RL0T(18)[32] RL8H(18)[31] RL8I(18)[31] RL8O(18)[31] RL8P(18)[31] RL8S(16)[30] RL8T(16)[30] RL8U(18)[31] RL8V(18)[31] RL8W(16)[30] RL8Y(18)[31] RL8Z(18)[31] RL9I(18)[31] RL9M(17)[30] RL9P(18)[31] RL9S(16) RL9T(16) RL9V(18)[31] RL9W(16) RM0T(18)[32] RM8H(18)[31] RM8I(18)[31] RM8O(18)[31] RM8P(18)[31] RM8S(16)[30] RM8T(16)[30] RM8U(18)[31] RM8V(18)[31] RM8W(16)[30] RM8Y(18)[31] RM8Z(18)[31] RM9I(18)[31] RM9M(17)[30] RM9P(18)[31] RM9S(16) RM9T(16) RM9V(18)[31] RM9W(16) RN0T(18)[32] RN8H(18)[31] RN8I(18)[31] RN8O(18)[31] RN8P(18)[31] RN8S(16)[30] RN8T(16)[30] RN8U(18)[31] RN8V(18)[31] RN8W(16)[30] RN8Y(18)[31] RN8Z(18)[31] RN9I(18)[31] RN9M(17)[30] RN9P(18)[31] RN9S(16) RN9T(16) RN9V(18)[31] RN9W(16) RO0T(18)[32] RO8H(18)[31] RO8I(18)[31] RO8O(18)[31] RO8P(18)[31] RO8S(16)[30] RO8T(16)[30] RO8U(18)[31] RO8V(18)[31] RO8W(16)[30] RO8Y(18)[31] RO8Z(18)[31] RO9I(18)[31] RO9M(17)[30] RO9P(18)[31] RO9S(16) RO9T(16) RO9V(18)[31] RO9W(16) RQ0T(18)[32] RQ8H(18)[31] RQ8I(18)[31] RQ8O(18)[31] RQ8P(18)[31] RQ8S(16)[30] RQ8T(16)[30] RQ8U(18)[31] RQ8V(18)[31] RQ8W(16)[30] RQ8Y(18)[31] RQ8Z(18)[31] RQ9I(18)[31] RQ9M(17)[30] RQ9P(18)[31] RQ9S(16) RQ9T(16) RQ9V(18)[31] RQ9W(16) RT0T(18)[32] RT8H(18)[31] RT8I(18)[31] RT8O(18)[31] RT8P(18)[31] RT8S(16)[30] RT8T(16)[30] RT8U(18)[31] RT8V(18)[31] RT8W(16)[30] RT8Y(18)[31] RT8Z(18)[31] RT9I(18)[31] RT9M(17)[30] RT9P(18)[31] RT9S(16) RT9T(16) RT9V(18)[31] RT9W(16) RU0T(18)[32] RU8H(18)[31] RU8I(18)[31] RU8O(18)[31] RU8P(18)[31] RU8S(16)[30] RU8T(16)[30] RU8U(18)[31] RU8V(18)[31] RU8W(16)[30] RU8Y(18)[31] RU8Z(18)[31] RU9I(18)[31] RU9M(17)[30] RU9P(18)[31] RU9S(16) RU9T(16) RU9V(18)[31] RU9W(16) RV0T(18)[32] RV8H(18)[31] RV8I(18)[31] RV8O(18)[31] RV8P(18)[31] RV8S(16)[30] RV8T(16)[30] RV8U(18)[31] RV8V(18)[31] RV8W(16)[30] RV8Y(18)[31] RV8Z(18)[31] RV9I(18)[31] RV9M(17)[30] RV9P(18)[31] RV9S(16) RV9T(16) RV9V(18)[31] RV9W(16) RW0T(18)[32] RW8H(18)[31] RW8I(18)[31] RW8O(18)[31] RW8P(18)[31] RW8S(16)[30] RW8T(16)[30] RW8U(18)[31] RW8V(18)[31] RW8W(16)[30] RW8Y(18)[31] RW8Z(18)[31] RW9I(18)[31] RW9M(17)[30] RW9P(18)[31] RW9S(16) RW9T(16) RW9V(18)[31] RW9W(16) RX0T(18)[32] RX8H(18)[31] RX8I(18)[31] RX8O(18)[31] RX8P(18)[31] RX8S(16)[30] RX8T(16)[30] RX8U(18)[31] RX8V(18)[31] RX8W(16)[30] RX8Y(18)[31] RX8Z(18)[31] RX9I(18)[31] RX9M(17)[30] RX9P(18)[31] RX9S(16) RX9T(16) RX9V(18)[31] RX9W(16) RY0T(18)[32] RY8H(18)[31] RY8I(18)[31] RY8O(18)[31] RY8P(18)[31] RY8S(16)[30] RY8T(16)[30] RY8U(18)[31] RY8V(18)[31] RY8W(16)[30] RY8Y(18)[31] RY8Z(18)[31] RY9I(18)[31] RY9M(17)[30] RY9P(18)[31] RY9S(16) RY9T(16) RY9V(18)[31] RY9W(16) RZ0T(18)[32] RZ8H(18)[31] RZ8I(18)[31] RZ8O(18)[31] RZ8P(18)[31] RZ8S(16)[30] RZ8T(16)[30] RZ8U(18)[31] RZ8V(18)[31] RZ8W(16)[30] RZ8Y(18)[31] RZ8Z(18)[31] RZ9I(18)[31] RZ9M(17)[30] RZ9P(18)[31] RZ9S(16) RZ9T(16) RZ9V(18)[31] RZ9W(16) U0T(18)[32] U8H(18)[31] U8I(18)[31] U8O(18)[31] U8P(18)[31] U8S(16)[30] U8T(16)[30] U8U(18)[31] U8V(18)[31] U8W(16)[30] U8Y(18)[31] U8Z(18)[31] U9I(18)[31] U9M(17)[30] U9P(18)[31] U9S(16) U9T(16) U9V(18)[31] U9W(16) UA0T(18)[32] UA8H(18)[31] UA8I(18)[31] UA8O(18)[31] UA8P(18)[31] UA8S(16)[30] UA8T(16)[30] UA8U(18)[31] UA8V(18)[31] UA8W(16)[30] UA8Y(18)[31] UA8Z(18)[31] UA9I(18)[31] UA9M(17)[30] UA9P(18)[31] UA9S(16) UA9T(16) UA9V(18)[31] UA9W(16) UB0T(18)[32] UB8H(18)[31] UB8I(18)[31] UB8O(18)[31] UB8P(18)[31] UB8S(16)[30] UB8T(16)[30] UB8U(18)[31] UB8V(18)[31] UB8W(16)[30] UB8Y(18)[31] UB8Z(18)[31] UB9I(18)[31] UB9M(17)[30] UB9P(18)[31] UB9S(16) UB9T(16) UB9V(18)[31] UB9W(16) UC0T(18)[32] UC8H(18)[31] UC8I(18)[31] UC8O(18)[31] UC8P(18)[31] UC8S(16)[30] UC8T(16)[30] UC8U(18)[31] UC8V(18)[31] UC8W(16)[30] UC8Y(18)[31] UC8Z(18)[31] UC9I(18)[31] UC9M(17)[30] UC9P(18)[31] UC9S(16) UC9T(16) UC9V(18)[31] UC9W(16) UD0T(18)[32] UD8H(18)[31] UD8I(18)[31] UD8O(18)[31] UD8P(18)[31] UD8S(16)[30] UD8T(16)[30] UD8U(18)[31] UD8V(18)[31] UD8W(16)[30] UD8Y(18)[31] UD8Z(18)[31] UD9I(18)[31] UD9M(17)[30] UD9P(18)[31] UD9S(16) UD9T(16) UD9V(18)[31] UD9W(16) UE0T(18)[32] UE8H(18)[31] UE8I(18)[31] UE8O(18)[31] UE8P(18)[31] UE8S(16)[30] UE8T(16)[30] UE8U(18)[31] UE8V(18)[31] UE8W(16)[30] UE8Y(18)[31] UE8Z(18)[31] UE9I(18)[31] UE9M(17)[30] UE9P(18)[31] UE9S(16) UE9T(16) UE9V(18)[31] UE9W(16) UF0T(18)[32] UF8H(18)[31] UF8I(18)[31] UF8O(18)[31] UF8P(18)[31] UF8S(16)[30] UF8T(16)[30] UF8U(18)[31] UF8V(18)[31] UF8W(16)[30] UF8Y(18)[31] UF8Z(18)[31] UF9I(18)[31] UF9M(17)[30] UF9P(18)[31] UF9S(16) UF9T(16) UF9V(18)[31] UF9W(16) UG0T(18)[32] UG8H(18)[31] UG8I(18)[31] UG8O(18)[31] UG8P(18)[31] UG8S(16)[30] UG8T(16)[30] UG8U(18)[31] UG8V(18)[31] UG8W(16)[30] UG8Y(18)[31] UG8Z(18)[31] UG9I(18)[31] UG9M(17)[30] UG9P(18)[31] UG9S(16) UG9T(16) UG9V(18)[31] UG9W(16) UH0T(18)[32] UH8H(18)[31] UH8I(18)[31] UH8O(18)[31] UH8P(18)[31] UH8S(16)[30] UH8T(16)[30] UH8U(18)[31] UH8V(18)[31] UH8W(16)[30] UH8Y(18)[31] UH8Z(18)[31] UH9I(18)[31] UH9M(17)[30] UH9P(18)[31] UH9S(16) UH9T(16) UH9V(18)[31] UH9W(16) UI0T(18)[32] UI8H(18)[31] UI8I(18)[31] UI8O(18)[31] UI8P(18)[31] UI8S(16)[30] UI8T(16)[30] UI8U(18)[31] UI8V(18)[31] UI8W(16)[30] UI8Y(18)[31] UI8Z(18)[31] UI9I(18)[31] UI9M(17)[30] UI9P(18)[31] UI9S(16) UI9T(16) UI9V(18)[31] UI9W(16) =RI41POL =R0FBA/9(18)[31] =R150SU(16) =R195JV(19)[34] =R2ET/9(18)[31] =R9CS/P =R9PS/0(18)[32] =R9SAO/P[20] =RA0QK/8(17)[30] =RK4PA/9[20] =RV3DSA/0(19)[34] =RX9WT/P(16) =UA5B/8(17)[30] =UA9AR/P =UD6AOP/0(19)[35];
UK,Uzbekistan,292,AS,17,30,41.40,-63.97,-5.0,UJ UK UL UM;
UN,Kazakhstan,130,AS,17,30,48.17,-65.18,-5.0,UN UO UP UQ UN0F[31] UN0G[31] UN0J[31] UN0Q[31] UN2F[31] UN2G[31] UN2J[31] UN2Q[31] UN3F[31] UN3G[31] UN3J[31] UN3Q[31] UN4F[31] UN4G[31] UN4J[31] UN4Q[31] UN5F[31] UN5G[31] UN5J[31] UN5Q[31] UN6F[31] UN6G[31] UN6J[31] UN6Q[31] UN7F[31] UN7G[31] UN7J[31] UN7Q[31] UN8F[31] UN8G[31] UN8J[31] UN8Q[31] UN9F[31] UN9G[31] UN9J[31] UN9Q[31] UO0F[31] UO0G[31] UO0J[31] UO0Q[31] UO1F[31] UO1G[31] UO1J[31] UO1Q[31] UO2F[31] UO2G[31] UO2J[31] UO2Q[31] UO3F[31] UO3G[31] UO3J[31] UO3Q[31] UO4F[31] UO4G[31] UO4J[31] UO4Q[31] UO5F[31] UO5G[31] UO5J[31] UO5Q[31] UO6F[31] UO6G[31] UO6J[31] UO6Q[31] UO7F[31] UO7G[31] UO7J[31] UO7Q[31] UO8F[31] UO8G[31] UO8J[31] UO8Q[31] UO9F[31] UO9G[31] UO9J[31] UO9Q[31] UP0F[31] UP0G[31] UP0J[31] UP0Q[31] UP1F[31] UP1G[31] UP1J[31] UP1Q[31] UP2F[31] UP2G[31] UP2J[31] UP2Q[31] UP3F[31] UP3G[31] UP3J[31] UP3Q[31] UP4F[31] UP4G[31] UP4J[31] UP4Q[31] UP5F[31] UP5G[31] UP5J[31] UP5Q[31] UP6F[31] UP6G[31] UP6J[31] UP6Q[31] UP7F[31] UP7G[31] UP7J[31] UP7Q[31] UP8F[31] UP8G[31] UP8J[31] UP8Q[31] UP9F[31] UP9G[31] UP9J[31] UP9Q[31] UQ0F[31] UQ0G[31] UQ0J[31] UQ0Q[31] UQ1F[31] UQ1G[31] UQ1J[31] UQ1Q[31] UQ2F[31] UQ2G[31] UQ2J[31] UQ2Q[31] UQ3F[31] UQ3G[31] UQ3J[31] UQ3Q[31] UQ4F[31] UQ4G[31] UQ4J[31] UQ4Q[31] UQ5F[31] UQ5G[31] UQ5J[31] UQ5Q[31] UQ6F[31] UQ6G[31] UQ6J[31] UQ6Q[31] UQ7F[31] UQ7G[31] UQ7J[31] UQ7Q[31] UQ8F[31] UQ8G[31] UQ8J[31] UQ8Q[31] UQ9F[31] UQ9G[31] UQ9J[31] UQ9Q[31];
UR,Ukraine,288,EU,16,29,50.00,-30.00,-2.0,EM EN EO U5 UR US UT UU UV UW UX UY UZ;
V2,Antigua & Barbuda,94,NA,8,11,17.07,61.80,4.0,V2;
V3,Belize,66,NA,7,11,16.97,88.67,6.0,V3;
V4,St. Kitts & Nevis,249,NA,8,11,17.37,62.78,4.0,V4;
V5,Namibia,464,AF,38,57,-22.00,-17.00,-1.0,V5;
V6,Micronesia,173,OC,27,65,6.88,-158.20,-10.0,V6;
V7,Marshall Islands,168,OC,31,65,9.08,-167.33,-12.0,V7;
V8,Brunei Darussalam,345,OC,28,54,4.50,-114.60,-8.0,V8;
VE,Canada,1,NA,5,9,44.35,78.75,5.0,CF CG CJ CK VA VB VC VE VG VX VY9 XL XM CF2[4] CG2[4] CH1 CH2(2) CI0(2)[4] CI1(1)[2] CI2 CJ2[4] CK2[4] CY1 CY2(2) CZ0(2)[4] CZ1(1)[2] CZ2 VA2[4] VB2[4] VC2[4] VD1 VD2(2) VE2[4] VF1(1)[2] VF2 VG2[4] VO1 VO2(2) VX2[4] VY0(2)[4] VY1(1)[2] VY2 XJ1 XJ2(2) XK0(2)[4] XK1(1)[2] XK2 XL2[4] XM2[4] XN1 XN2(2) XO0(2)[4] XO1(1)[2] XO2 =VER20230309 =VA2RC(2)[4] =VA2VVV(2)[4] =VE2BFR(2)[4] =VE2CSI(2)[4] =VE2EKA(2)[4] =VE2FK[9] =VE2IM(2)[4] =VE2TKH(2)[4] =VY0PW(4)[3];
VK,Australia,150,OC,30,59,-23.70,-132.33,-10.0,AX VI VJ VK VL AX4[55] VI4[55] VJ4[55] VK4[55] VL4[55] =VI75G =VK2BYF/7 =VK3ZW(29)[55] =VK7LTD/3;
VK0H,Heard Island,111,AF,39,68,-53.08,-73.50,-5.0,=VK0EK;
VK0M,Macquarie Island,153,OC,30,60,-54.60,-158.88,-10.0,=VK0MQ;
VK9C,Cocos (Keeling) Islands,38,OC,29,54,-12.15,-96.82,-6.5,AX9C AX9Y VI9C VI9Y VK9C VK9FC VK9KC VK9Y VK9ZY VZ9Y;
VK9L,Lord Howe Island,147,OC,30,60,-31.55,-159.08,-10.5,AX9L VI9L VK9FL VK9L VK9ZL VZ9L;
VK9M,Mellish Reef,171,OC,30,56,-17.40,-155.85,-10.0,AX9M VI9M VK9M VZ9M;
VK9N,Norfolk Island,189,OC,32,60,-29.03,-167.93,-11.5,AX9 VI9 VK9 =VJ9N =VK2NOW/9;
VK9W,Willis Island,303,OC,30,55,-16.22,-150.02,-10.0,AX9W AX9Z VI9W VI9Z VK9FW VK9W VK9Z VZ9W;
VK9X,Christmas Island,35,OC,29,54,-10.48,-105.63,-7.0,AX9X VI9X VK9FX VK9KX VK9X VZ9X;
VP2E,Anguilla,12,NA,8,11,18.23,63.00,4.0,VP2E;
VP2M,Montserrat,96,NA,8,11,16.75,62.18,4.0,VP2M;
VP2V,British Virgin Islands,65,NA,8,11,18.33,64.75,4.0,VP2V;
VP5,Turks & Caicos Islands,89,NA,8,11,21.77,71.75,5.0,VP5 VQ5;
VP6,Pitcairn Island,172,OC,32,63,-25.07,130.10,8.0,VP6;
VP6/d,Ducie Island,513,OC,32,63,-24.70,124.80,8.0,=VP6D;
VP8,Falkland Islands,141,SA,13,16,-51.63,58.72,4.0,VP8;
VP8/g,South Georgia Island,235,SA,13,73,-54.48,37.08,2.0,=VP8DXU;
VP8/h,South Shetland Islands,241,SA,13,73,-62.08,58.67,4.0,CE9 XR9 =HF0POL =LU1ZI;
VP8/o,South Orkney Islands,238,SA,13,73,-60.60,45.55,3.0,=VP8PJ;
VP8/s,South Sandwich Islands,240,SA,13,73,-58.43,26.33,2.0,=VP8STI;
VP9,Bermuda,64,NA,5,11,32.32,64.73,4.0,VP9;
VQ9,Chagos Islands,33,AF,39,41,-7.32,-72.42,-6.0,VQ9;
VR,Hong Kong,321,AS,24,44,22.28,-114.18,-8.0,VR;
VU,India,324,AS,22,41,22.50,-77.58,-5.5,8T 8U 8V 8W 8X 8Y AT AU AV AW VT VU VV VW;
VU4,Andaman & Nicobar Is.,11,AS,26,49,12.37,-92.78,-5.5,VU4;
VU7,Lakshadweep Islands,142,AS,22,41,11.23,-72.78,-5.5,VU7;
XE,Mexico,50,NA,6,10,21.32,100.23,6.0,4A 4B 4C 6D 6E 6F 6G 6H 6I 6J XA XB XC XD XE XF XG XH XI;
XF4,Revillagigedo,204,NA,6,10,18.77,110.97,7.0,4A4 4B4 4C4 6D4 6E4 6F4 6G4 6H4 6I4 6J4 XA4 XB4 XC4 XD4 XE4 XF4 XG4 XH4 XI4;
XT,Burkina Faso,480,AF,35,46,12.00,2.00,0.0,XT;
XU,Cambodia,312,AS,26,49,12.93,-105.13,-7.0,XU;
XW,Laos,143,AS,26,49,18.20,-104.55,-7.0,XW;
XX9,Macao,152,AS,24,44,22.10,-113.50,-8.0,XX9;
XZ,Myanmar,309,AS,26,49,20.00,-96.37,-6.5,XY XZ;
YA,Afghanistan,3,AS,21,40,34.70,-65.80,-4.5,T6 YA;
YB,Indonesia,327,OC,28,51,-7.30,-109.88,-7.0,7A 7B 7C 7D 7E 7F 7G 7H 7I 8A 8B 8C 8D 8E 8F 8G 8H 8I PK PL PM PN PO YB YC YD YE YF YG YH 7A0[54] 7A1[54] 7A2[54] 7A3[54] 7A4[54] 7A5[54] 7A6[54] 7A7[54] 7A8[54] 7B0[54] 7B1[54] 7B2[54] 7B3[54] 7B4[54] 7B5[54] 7B6[54] 7B7[54] 7B8[54] 7C0[54] 7C1[54] 7C2[54] 7C3[54] 7C4[54] 7C5[54] 7C6[54] 7C7[54] 7C8[54] 7D0[54] 7D1[54] 7D2[54] 7D3[54] 7D4[54] 7D5[54] 7D6[54] 7D7[54] 7D8[54] 7E0[54] 7E1[54] 7E2[54] 7E3[54] 7E4[54] 7E5[54] 7E6[54] 7E7[54] 7E8[54] 7F0[54] 7F1[54] 7F2[54] 7F3[54] 7F4[54] 7F5[54] 7F6[54] 7F7[54] 7F8[54] 7G0[54] 7G1[54] 7G2[54] 7G3[54] 7G4[54] 7G5[54] 7G6[54] 7G7[54] 7G8[54] 7H0[54] 7H1[54] 7H2[54] 7H3[54] 7H4[54] 7H5[54] 7H6[54] 7H7[54] 7H8[54] 7I0[54] 7I1[54] 7I2[54] 7I3[54] 7I4[54] 7I5[54] 7I6[54] 7I7[54] 7I8[54] 8A0[54] 8A1[54] 8A2[54] 8A3[54] 8A4[54] 8A5[54] 8A6[54] 8A7[54] 8A8[54] 8B0[54] 8B1[54] 8B2[54] 8B3[54] 8B4[54] 8B5[54] 8B6[54] 8B7[54] 8B8[54] 8C0[54] 8C1[54] 8C2[54] 8C3[54] 8C4[54] 8C5[54] 8C6[54] 8C7[54] 8C8[54] 8D0[54] 8D1[54] 8D2[54] 8D3[54] 8D4[54] 8D5[54] 8D6[54] 8D7[54] 8D8[54] 8E0[54] 8E1[54] 8E2[54] 8E3[54] 8E4[54] 8E5[54] 8E6[54] 8E7[54] 8E8[54] 8F0[54] 8F1[54] 8F2[54] 8F3[54] 8F4[54] 8F5[54] 8F6[54] 8F7[54] 8F8[54] 8G0[54] 8G1[54] 8G2[54] 8G3[54] 8G4[54] 8G5[54] 8G6[54] 8G7[54] 8G8[54] 8H0[54] 8H1[54] 8H2[54] 8H3[54] 8H4[54] 8H5[54] 8H6[54] 8H7[54] 8H8[54] 8I0[54] 8I1[54] 8I2[54] 8I3[54] 8I4[54] 8I5[54] 8I6[54] 8I7[54] 8I8[54] YB0[54] YB1[54] YB2[54] YB3[54] YB4[54] YB5[54] YB6[54] YB7[54] YB8[54] YC0[54] YC1[54] YC2[54] YC3[54] YC4[54] YC5[54] YC6[54] YC7[54] YC8[54] YD0[54] YD1[54] YD2[54] YD3[54] YD4[54] YD5[54] YD6[54] YD7[54] YD8[54] YE0[54] YE1[54] YE2[54] YE3[54] YE4[54] YE5[54] YE6[54] YE7[54] YE8[54] YF0[54] YF1[54] YF2[54] YF3[54] YF4[54] YF5[54] YF6[54] YF7[54] YF8[54] YG0[54] YG1[54] YG2[54] YG3[54] YG4[54] YG5[54] YG6[54] YG7[54] YG8[54] YH0[54] YH1[54] YH2[54] YH3[54] YH4[54] YH5[54] YH6[54] YH7[54] YH8[54];
YI,Iraq,333,AS,21,39,33.92,-42.78,-3.0,HN YI;
YJ,Vanuatu,158,OC,32,56,-17.67,-168.38,-11.0,YJ;
YK,Syria,384,AS,20,39,35.38,-38.20,-2.0,6C YK;
YL,Latvia,145,EU,15,29,57.03,-24.65,-2.0,YL;
YN,Nicaragua,86,NA,7,11,12.88,85.05,6.0,H6 H7 HT YN;
YO,Romania,275,EU,20,28,45.78,-24.70,-2.0,YO YP YQ YR;
YS,El Salvador,74,NA,7,11,14.00,89.00,6.0,HU YS;
YU,Serbia,296,EU,15,28,44.00,-21.00,-1.0,YT YU;
YV,Venezuela,148,SA,9,12,8.00,66.00,4.5,4M YV YW YX YY;
YV0,Aves Island,17,NA,8,11,15.67,63.60,4.0,4M0 YV0 YW0 YX0 YY0;
Z2,Zimbabwe,452,AF,38,53,-18.00,-31.00,-2.0,Z2;
Z3,North Macedonia,502,EU,15,28,41.60,-21.65,-1.0,Z3;
Z6,Republic of Kosovo,522,EU,15,28,42.67,-21.17,-1.0,Z6;
Z8,Republic of South Sudan,521,AF,34,48,4.85,-31.60,-3.0,Z8;
ZA,Albania,7,EU,15,28,41.00,-20.00,-1.0,ZA;
ZB,Gibraltar,233,EU,14,37,36.15,5.37,-1.0,ZB ZG;
ZC4,UK Base Areas on Cyprus,283,AS,20,39,35.32,-33.57,-2.0,ZC4;
ZD7,St. Helena,250,AF,36,66,-15.97,5.72,0.0,ZD7;
ZD8,Ascension Island,205,AF,36,66,-7.93,14.37,0.0,ZD8;
ZD9,Tristan da Cunha & Gough Islands,274,AF,38,66,-37.13,12.30,0.0,ZD9;
ZF,Cayman Islands,69,NA,8,11,19.32,81.22,5.0,ZF;
ZK3,Tokelau Islands,270,OC,31,62,-9.40,171.20,-13.0,ZK3;
ZL,New Zealand,170,OC,32,60,-39.03,-174.47,-12.0,ZK ZL ZL50 ZM;
ZL7,Chatham Islands,34,OC,32,60,-43.85,176.48,-12.75,ZL7 ZM7;
ZL8,Kermadec Islands,133,OC,32,60,-29.25,177.92,-12.0,ZL8 ZM8;
ZL9,N.Z. Subantarctic Is.,16,OC,32,60,-51.62,-167.62,-12.0,ZL9;
ZP,Paraguay,132,SA,11,14,-25.27,57.67,4.0,ZP;
ZS,South Africa,462,AF,38,57,-29.07,-22.63,-2.0,H5 S4 S8 V9 ZR ZS ZT ZU;
ZS8,Pr. Edward & Marion Is.,201,AF,38,57,-46.88,-37.72,-3.0,ZR8 ZS8 ZT8 ZU8;
